"Assay ID - IEDB IRI","Reference - IEDB IRI","Reference - Type","Reference - PMID","Reference - Submission ID","Reference - Authors","Reference - Journal","Reference - Date","Reference - Title","Epitope - IEDB IRI","Epitope - Object Type","Epitope - Name","Epitope - Reference Name","Epitope - Modified residues","Epitope - Modifications","Epitope - Starting Position","Epitope - Ending Position","Epitope - IRI","Epitope - Synonyms","Epitope - Source Molecule","Epitope - Source Molecule IRI","Epitope - Molecule Parent","Epitope - Molecule Parent IRI","Epitope - Source Organism","Epitope - Source Organism IRI","Epitope - Species","Epitope - Species IRI","Epitope - Comments","Related Object - Epitope Relation","Related Object - Object Type","Related Object - Name","Related Object - Starting Position","Related Object - Ending Position","Related Object - IRI","Related Object - Synonyms","Related Object - Source Molecule","Related Object - Source Molecule IRI","Related Object - Molecule Parent","Related Object - Molecule Parent IRI","Related Object - Source Organism","Related Object - Source Organism IRI","Related Object - Species","Related Object - Species IRI","Host - Name","Host - IRI","Host - Geolocation","Host - Geolocation IRI","Host - Sex","Host - Age","Host - MHC Present","1st in vivo Process - Process Type","1st in vivo Process - Disease","1st in vivo Process - Disease IRI","1st in vivo Process - Disease Stage","1st immunogen - Epitope Relation","1st immunogen - Object Type","1st immunogen - Name","1st immunogen - Reference Name","1st immunogen - Starting Position","1st immunogen - Ending Position","1st immunogen - IRI","1st immunogen - Source Molecule","1st immunogen - Source Molecule IRI","1st immunogen - Molecule Parent","1st immunogen - Molecule Parent IRI","1st immunogen - Source Organism","1st immunogen - Source Organism IRI","1st immunogen - Species","1st immunogen - Species IRI","1st immunogen - Adjuvants","1st immunogen - Route","1st immunogen - Dose Schedule","2nd in vivo Process - Process Type","2nd in vivo Process - Disease","2nd in vivo Process - Disease IRI","2nd in vivo Process - Disease Stage","2nd immunogen - Epitope Relation","2nd immunogen - Object Type","2nd immunogen - Name","2nd immunogen - Reference Name","2nd immunogen - Starting Position","2nd immunogen - Ending Position","2nd immunogen - IRI","2nd immunogen - Source Molecule","2nd immunogen - Source Molecule IRI","2nd immunogen - Molecule Parent","2nd immunogen - Molecule Parent IRI","2nd immunogen - Source Organism","2nd immunogen - Source Organism IRI","2nd immunogen - Species","2nd immunogen - Species IRI","2nd immunogen - Adjuvants","2nd immunogen - Route","2nd immunogen - Dose Schedule","Adoptive Transfer - Flag","Adoptive Transfer - Comments","Immunization - Comments","Assay - Location of Assay Data in Reference","Assay - Method","Assay - Response measured","Assay - Units","Assay - IRI","Assay - Qualitative Measure","Assay - Measurement Inequality","Assay - Quantitative measurement","Assay - Number of Subjects Tested","Assay - Number of Subjects Positive","Assay - Response Frequency (%)","Assay - Comments","Assay Antibody - Antibody Source Material","Assay Antibody - Immunoglobulin Domain","Assay Antibody - Purification Status","Assay Antibody - Antibody Name","Assay Antibody - Heavy chain isotype","Assay Antibody - Light chain isotype","Complex - PDB ID","Assay Antigen - Epitope Relation","Assay Antigen - Object Type","Assay Antigen - Name","Assay Antigen - Reference Name","Assay Antigen - Starting Position","Assay Antigen - Ending Position","Assay Antigen - IRI","Assay Antigen - Source Molecule","Assay Antigen - Source Molecule IRI","Assay Antigen - Molecule Parent","Assay Antigen - Molecule Parent IRI","Assay Antigen - Source Organism","Assay Antigen - Source Organism IRI","Assay Antigen - Species","Assay Antigen - Species IRI"
http://www.iedb.org/assay/7947,http://www.iedb.org/reference/516,Literature,15363785,,"A Arockiasamy; G S Murthy; M R Rukmini; N Sundara Baalaji; Umesh Chandra Katpally; S Krishnaswamy","J Struct Biol",2004,"Conformational epitope mapping of OmpC, a major cell surface antigen from Salmonella typhi.",http://www.iedb.org/epitope/77478,"Discontinuous peptide","D46, D361, Y231, K355",MPN5-conf.Epitope,,,,,,,"Outer membrane protein C precursor",http://www.ncbi.nlm.nih.gov/protein/P0A264.1,"Outer membrane porin C",http://www.uniprot.org/uniprot/A0A0H3NJI9,"Salmonella enterica subsp. enterica serovar Typhi",http://purl.obolibrary.org/obo/NCBITaxon_90370,"Salmonella enterica",http://purl.obolibrary.org/obo/NCBITaxon_28901,"The amino acids shown in the Conformational Sequence field are the key residues for the binding of monoclonal antibodies to the outer membrane protein (OmpC).  These key residues were identified using antibodies, chemical modification and solid phase binding methods. (The epitope source listed is the precursor protein --- the amino acid positions given refer to the mature protein.)"""" The porin OmpC from Salmonella typhi is a 16-stranded porin.  The possible expression of OmpC throughout the infection period  and its capacity to display heterologous epitopes on the cell surface make it an important candidate antigen with potential applications in immunology and vaccine design.S. typhi OmpC, outer membrane protein, is a homotrimer with 357 amino acids and MW 39 kDa/monomer and has large loops.",,,,,,,,,,,,,,,,"Mus musculus BALB/c",https://ontology.iedb.org/ontology/ONTIE_0000001,,,,,,Unknown,,,,,,,,,,,,,,,,,,,,,,,,,,,,,,,,,,,,,,,,,,,,N,,,"Figures 1 and 2B Figures 5C and 7 Text","radio immuno assay (RIA)","qualitative binding",,http://purl.obolibrary.org/obo/OBI_0001649,Positive,,,,,,"The binding of monoclonal antibody onto porin immobilized on a solid phase was monitored by the detection of excess porin added in the liquid phase. The monoclonal antibody MPN5 binds to both the monomeric and trimeric forms of porin. The dot blot with whole cells and extracted porin indicated that the epitopes are formed by the surface exposed loops of the porin trimer.  The recognition of porin in the whole cell blot by the MAbs (P7D8 and MPN5) indicated that epitopes are surface exposed and formed by the loops.",,,Monoclonal,MPN5,,,,"Source Antigen",Protein,"Outer membrane protein C precursor","Porin Outer membrane protein C",,,http://www.ncbi.nlm.nih.gov/protein/P0A264.1,,,,,"Salmonella enterica subsp. enterica serovar Typhi",http://purl.obolibrary.org/obo/NCBITaxon_90370,"Salmonella enterica",http://purl.obolibrary.org/obo/NCBITaxon_28901
http://www.iedb.org/assay/8562,http://www.iedb.org/reference/516,Literature,15363785,,"A Arockiasamy; G S Murthy; M R Rukmini; N Sundara Baalaji; Umesh Chandra Katpally; S Krishnaswamy","J Struct Biol",2004,"Conformational epitope mapping of OmpC, a major cell surface antigen from Salmonella typhi.",http://www.iedb.org/epitope/77479,"Discontinuous peptide","D46, Y231, K173",P7D8-conf.Epitope,,,,,,,"Outer membrane protein C precursor",http://www.ncbi.nlm.nih.gov/protein/P0A264.1,"Outer membrane porin C",http://www.uniprot.org/uniprot/A0A0H3NJI9,"Salmonella enterica subsp. enterica serovar Typhi",http://purl.obolibrary.org/obo/NCBITaxon_90370,"Salmonella enterica",http://purl.obolibrary.org/obo/NCBITaxon_28901,"The amino acids shown in the Conformational Sequence field are the key residues for the binding of monoclonal antibodies to the outer membrane protein (OmpC).  These key residues were identified using antibodies, chemical modification and solid phase binding methods.  The antibody that binds to this epitope is enterobacterial porin-specific but also binds to Salmonella typhi. (The epitope source listed is the precursor protein --- the amino acid positions given refer to the mature protein.)"""" The porin OmpC from Salmonella typhi is a 16-stranded porin.  The possible expression of OmpC throughout the infection period  and its capacity to display heterologous epitopes on the cell surface make it an important candidate antigen with potential applications in immunology and vaccine design.S. typhi OmpC, outer membrane protein, is a homotrimer with 357 amino acids and MW 39 kDa/monomer and has large loops.",,,,,,,,,,,,,,,,"Mus musculus BALB/c",https://ontology.iedb.org/ontology/ONTIE_0000001,,,,,,Unknown,,,,,,,,,,,,,,,,,,,,,,,,,,,,,,,,,,,,,,,,,,,,N,,"The monoclonal antibody is known to be enterobacterial porin specific and binds to a wide range of bacteria including Salmonella typhi and Escherischia coli.","Text Figures 1 and 2A Figures 5B and 7","radio immuno assay (RIA)","qualitative binding",,http://purl.obolibrary.org/obo/OBI_0001649,Positive,,,,,,"The dot blot with whole cell and the extracted porin indicated that the epitopes are formed by the surface exposed loops of the porin trimer. The recognition of porin in the whole cell blot by the MAbs (P7D8) indicated that the epitopes are surface exposed and formed by the loops.  The P7D8 monoclonal antibody binds to the trimeric structure of the porin, but not the monomeric form. The binding of monoclonal antibody onto porin immobilized on a solid phase was monitored by the detection of excess porin added in the liquid phase. The monoclonal antibody p7d8 binds to the trimeric form of porin, but not the monomeric.",,,Monoclonal,P7D8,,,,"Source Antigen",Protein,"Outer membrane protein C precursor","Porin Outer membrane protein C",,,http://www.ncbi.nlm.nih.gov/protein/P0A264.1,,,,,"Salmonella enterica subsp. enterica serovar Typhi",http://purl.obolibrary.org/obo/NCBITaxon_90370,"Salmonella enterica",http://purl.obolibrary.org/obo/NCBITaxon_28901
http://www.iedb.org/assay/21581,http://www.iedb.org/reference/1374,Literature,11854209,,"Michael G Jobling; Randall K Holmes","Infect Immun",2002,"Mutational analysis of ganglioside GM(1)-binding ability, pentamer formation, and epitopes of cholera toxin B (CTB) subunits and CTB/heat-labile enterotoxin B subunit chimeras.",http://www.iedb.org/epitope/77005,"Discontinuous peptide","A10, A46, A95","mAb 1E9 epitope",,,,,,,toxin,http://www.ncbi.nlm.nih.gov/protein/770190A,"Cholera enterotoxin subunit B",http://www.uniprot.org/uniprot/P01556,"Vibrio cholerae",http://purl.obolibrary.org/obo/NCBITaxon_666,"Vibrio cholerae",http://purl.obolibrary.org/obo/NCBITaxon_666,"Single mutational substitutions of cholera toxin B subunit at positions 10 (A to V), 46 (A to V) or 95 (A to D) partially abolished the binding of the monoclonal antibody 1E9.",,,,,,,,,,,,,,,,"Mus musculus (mouse)",http://purl.obolibrary.org/obo/NCBITaxon_10090,,,,,,Unknown,,,,,,,,,,,,,,,,,,,,,,,,,,,,,,,,,,,,,,,,,,,,N,,,"Table 3","radio immuno assay (RIA)","qualitative binding",,http://purl.obolibrary.org/obo/OBI_0001649,Positive,,,,,,"The conformational epitope was deduced by assays performed using substitution mutants of cholera toxin B subunit (CTB) or hybrid proteins (part CTB, part LT-Ip (the heat-labile enterotoxin from E.coli)).",,"Entire Antibody",Monoclonal,1E9,IgG,,,"Source Antigen",Protein,toxin,"A10V and other CTB mutants",,,http://www.ncbi.nlm.nih.gov/protein/770190A,,,,,"Vibrio cholerae",http://purl.obolibrary.org/obo/NCBITaxon_666,"Vibrio cholerae",http://purl.obolibrary.org/obo/NCBITaxon_666
http://www.iedb.org/assay/21582,http://www.iedb.org/reference/1374,Literature,11854209,,"Michael G Jobling; Randall K Holmes","Infect Immun",2002,"Mutational analysis of ganglioside GM(1)-binding ability, pentamer formation, and epitopes of cholera toxin B (CTB) subunits and CTB/heat-labile enterotoxin B subunit chimeras.",http://www.iedb.org/epitope/77007,"Discontinuous peptide","A10, E11, Y12, G33, K34, R35, E36, E51, W88, A95","mAb 4C8 epitope",,,,,,,toxin,http://www.ncbi.nlm.nih.gov/protein/770190A,"Cholera enterotoxin subunit B",http://www.uniprot.org/uniprot/P01556,"Vibrio cholerae",http://purl.obolibrary.org/obo/NCBITaxon_666,"Vibrio cholerae",http://purl.obolibrary.org/obo/NCBITaxon_666,"Single mutational substitutions in cholera toxin B subunit at positions 10 (A to V), 33 (G to *, where * is more than one type of substitution), 51 (E to K), 88 (W to *) and 95 (A to D) partially abolished the binding to monoclonal antibody 4C8; substitutions at positions 11 (E to K), 12 (Y to D), 34 (K to*), 35 (R to *) and 36 (E to Q) completely abolished the binding.",,,,,,,,,,,,,,,,"Mus musculus (mouse)",http://purl.obolibrary.org/obo/NCBITaxon_10090,,,,,,Unknown,,,,,,,,,,,,,,,,,,,,,,,,,,,,,,,,,,,,,,,,,,,,N,,,"Table 3","radio immuno assay (RIA)","qualitative binding",,http://purl.obolibrary.org/obo/OBI_0001649,Positive,,,,,,"The conformational epitope was deduced by assays performed using substitution mutants of cholera toxin B subunit (CTB) or hybrid proteins (part CTB, part LT-Ip (the heat-labile enterotoxin from E.coli)).",,"Entire Antibody",Monoclonal,4C8,IgG,,,"Source Antigen",Protein,toxin,"A10V and other CTB mutants",,,http://www.ncbi.nlm.nih.gov/protein/770190A,,,,,"Vibrio cholerae",http://purl.obolibrary.org/obo/NCBITaxon_666,"Vibrio cholerae",http://purl.obolibrary.org/obo/NCBITaxon_666
http://www.iedb.org/assay/21585,http://www.iedb.org/reference/1374,Literature,11854209,,"Michael G Jobling; Randall K Holmes","Infect Immun",2002,"Mutational analysis of ganglioside GM(1)-binding ability, pentamer formation, and epitopes of cholera toxin B (CTB) subunits and CTB/heat-labile enterotoxin B subunit chimeras.",http://www.iedb.org/epitope/77003,"Discontinuous peptide",A10,"mAb 32D3 epitope",,,,,,,toxin,http://www.ncbi.nlm.nih.gov/protein/770190A,"Cholera enterotoxin subunit B",http://www.uniprot.org/uniprot/P01556,"Vibrio cholerae",http://purl.obolibrary.org/obo/NCBITaxon_666,"Vibrio cholerae",http://purl.obolibrary.org/obo/NCBITaxon_666,"A single mutational substitution in cholera toxin B subunit at positions 10 (A to V) completely abolished the binding to monoclonal antibody 32D3.",,,,,,,,,,,,,,,,"Mus musculus (mouse)",http://purl.obolibrary.org/obo/NCBITaxon_10090,,,,,,Unknown,,,,,,,,,,,,,,,,,,,,,,,,,,,,,,,,,,,,,,,,,,,,N,,,"Table 3","radio immuno assay (RIA)","qualitative binding",,http://purl.obolibrary.org/obo/OBI_0001649,Positive,,,,,,"The conformational epitope was deduced by assays performed using substitution mutants of cholera toxin B subunit (CTB) or hybrid proteins (part CTB, part LT-Ip (the heat-labile enterotoxin from E.coli)).",,"Entire Antibody",Monoclonal,32D3,IgG,,,"Source Antigen",Protein,toxin,"A10V CTB mutant",,,http://www.ncbi.nlm.nih.gov/protein/770190A,,,,,"Vibrio cholerae",http://purl.obolibrary.org/obo/NCBITaxon_666,"Vibrio cholerae",http://purl.obolibrary.org/obo/NCBITaxon_666
http://www.iedb.org/assay/21586,http://www.iedb.org/reference/1374,Literature,11854209,,"Michael G Jobling; Randall K Holmes","Infect Immun",2002,"Mutational analysis of ganglioside GM(1)-binding ability, pentamer formation, and epitopes of cholera toxin B (CTB) subunits and CTB/heat-labile enterotoxin B subunit chimeras.",http://www.iedb.org/epitope/77006,"Discontinuous peptide","A10, A46, E51, K91","mAb 15C11 epitope",,,,,,,toxin,http://www.ncbi.nlm.nih.gov/protein/770190A,"Cholera enterotoxin subunit B",http://www.uniprot.org/uniprot/P01556,"Vibrio cholerae",http://purl.obolibrary.org/obo/NCBITaxon_666,"Vibrio cholerae",http://purl.obolibrary.org/obo/NCBITaxon_666,"Single mutational substitutions in cholera toxin B subunit at positions 51 (E to K) and 91 (K to D) partially abolished the binding to monoclonal antibody 15C11; substitutions at positions 10 (A to V) and 46 (A to V) completely abolished the binding.",,,,,,,,,,,,,,,,"Mus musculus (mouse)",http://purl.obolibrary.org/obo/NCBITaxon_10090,,,,,,Unknown,,,,,,,,,,,,,,,,,,,,,,,,,,,,,,,,,,,,,,,,,,,,N,,,"Table 3","radio immuno assay (RIA)","qualitative binding",,http://purl.obolibrary.org/obo/OBI_0001649,Positive,,,,,,"The conformational epitope was deduced by assays performed using substitution mutants of cholera toxin B subunit (CTB) or hybrid proteins (part CTB, part LT-Ip (the heat-labile enterotoxin from E.coli)).",,"Entire Antibody",Monoclonal,15C11,IgG,,,"Source Antigen",Protein,toxin,"A10V and other CTB mutants",,,http://www.ncbi.nlm.nih.gov/protein/770190A,,,,,"Vibrio cholerae",http://purl.obolibrary.org/obo/NCBITaxon_666,"Vibrio cholerae",http://purl.obolibrary.org/obo/NCBITaxon_666
http://www.iedb.org/assay/21588,http://www.iedb.org/reference/1374,Literature,11854209,,"Michael G Jobling; Randall K Holmes","Infect Immun",2002,"Mutational analysis of ganglioside GM(1)-binding ability, pentamer formation, and epitopes of cholera toxin B (CTB) subunits and CTB/heat-labile enterotoxin B subunit chimeras.",http://www.iedb.org/epitope/77004,"Discontinuous peptide","A10, A46","mAbs 4E2, 22C6, 40D9 epitope",,,,,,,toxin,http://www.ncbi.nlm.nih.gov/protein/770190A,"Cholera enterotoxin subunit B",http://www.uniprot.org/uniprot/P01556,"Vibrio cholerae",http://purl.obolibrary.org/obo/NCBITaxon_666,"Vibrio cholerae",http://purl.obolibrary.org/obo/NCBITaxon_666,"Substitutions at positions 10 (A to V) and 46 (A to V) abolished binding to antibodies 4E2, 22C6 and 40D9.",,,,,,,,,,,,,,,,"Mus musculus (mouse)",http://purl.obolibrary.org/obo/NCBITaxon_10090,,,,,,Unknown,,,,,,,,,,,,,,,,,,,,,,,,,,,,,,,,,,,,,,,,,,,,N,,,"Table 3","radio immuno assay (RIA)","qualitative binding",,http://purl.obolibrary.org/obo/OBI_0001649,Positive,,,,,,"The conformational epitope was deduced by assays performed using substitution mutants of cholera toxin B subunit (CTB) or hybrid proteins (part CTB, part LT-Ip (the heat-labile enterotoxin from E.coli)).",,"Entire Antibody",Monoclonal,4E2,IgG,,,"Source Antigen",Protein,toxin,"A10V and A46V CTB mutants",,,http://www.ncbi.nlm.nih.gov/protein/770190A,,,,,"Vibrio cholerae",http://purl.obolibrary.org/obo/NCBITaxon_666,"Vibrio cholerae",http://purl.obolibrary.org/obo/NCBITaxon_666
http://www.iedb.org/assay/21594,http://www.iedb.org/reference/1374,Literature,11854209,,"Michael G Jobling; Randall K Holmes","Infect Immun",2002,"Mutational analysis of ganglioside GM(1)-binding ability, pentamer formation, and epitopes of cholera toxin B (CTB) subunits and CTB/heat-labile enterotoxin B subunit chimeras.",http://www.iedb.org/epitope/77008,"Discontinuous peptide","A10, Y12, G33, K34, R35, E36, E51, W88, K91, A95","mAb 40B10 epitope",,,,,,,toxin,http://www.ncbi.nlm.nih.gov/protein/770190A,"Cholera enterotoxin subunit B",http://www.uniprot.org/uniprot/P01556,"Vibrio cholerae",http://purl.obolibrary.org/obo/NCBITaxon_666,"Vibrio cholerae",http://purl.obolibrary.org/obo/NCBITaxon_666,"Single mutational substitutions in cholera toxin B subunit at positions 10 (A to V), 35 (R to *, where * is more than one type of substitution), 36 (E to Q), 88 (W to *), 91 (K to D) and 95 (A to D) partially abolished the binding to monoclonal antibody 40B10; substitutions at positions 12 (Y to D), 33 (G to *), 34 (K to*) and 51 (E to K) completely abolished the binding.",,,,,,,,,,,,,,,,"Mus musculus (mouse)",http://purl.obolibrary.org/obo/NCBITaxon_10090,,,,,,Unknown,,,,,,,,,,,,,,,,,,,,,,,,,,,,,,,,,,,,,,,,,,,,N,,,"Table 3","radio immuno assay (RIA)","qualitative binding",,http://purl.obolibrary.org/obo/OBI_0001649,Positive,,,,,,"The conformational epitope was deduced by assays performed using substitution mutants of cholera toxin B subunit (CTB) or hybrid proteins (part CTB, part LT-Ip (the heat-labile enterotoxin from E.coli)).",,"Entire Antibody",Monoclonal,40B10,IgG,,,"Source Antigen",Protein,toxin,"A10V and other CTB mutants",,,http://www.ncbi.nlm.nih.gov/protein/770190A,,,,,"Vibrio cholerae",http://purl.obolibrary.org/obo/NCBITaxon_666,"Vibrio cholerae",http://purl.obolibrary.org/obo/NCBITaxon_666
http://www.iedb.org/assay/21597,http://www.iedb.org/reference/1374,Literature,11854209,,"Michael G Jobling; Randall K Holmes","Infect Immun",2002,"Mutational analysis of ganglioside GM(1)-binding ability, pentamer formation, and epitopes of cholera toxin B (CTB) subunits and CTB/heat-labile enterotoxin B subunit chimeras.",http://www.iedb.org/epitope/77009,"Discontinuous peptide",A46,"mAb 35G8 epitope",,,,,,,toxin,http://www.ncbi.nlm.nih.gov/protein/770190A,"Cholera enterotoxin subunit B",http://www.uniprot.org/uniprot/P01556,"Vibrio cholerae",http://purl.obolibrary.org/obo/NCBITaxon_666,"Vibrio cholerae",http://purl.obolibrary.org/obo/NCBITaxon_666,"A single mutational substitution in cholera toxin B subunit at position 46 (A to V) completely abolished the binding.",,,,,,,,,,,,,,,,"Mus musculus (mouse)",http://purl.obolibrary.org/obo/NCBITaxon_10090,,,,,,Unknown,,,,,,,,,,,,,,,,,,,,,,,,,,,,,,,,,,,,,,,,,,,,N,,,"Table 3","radio immuno assay (RIA)","qualitative binding",,http://purl.obolibrary.org/obo/OBI_0001649,Positive,,,,,,"The conformational epitope was deduced by assays performed using substitution mutants of cholera toxin B subunit (CTB) or hybrid proteins (part CTB, part LT-Ip (the heat-labile enterotoxin from E.coli)).",,"Entire Antibody",Monoclonal,35G8,IgG,,,"Source Antigen",Protein,toxin,"A46V CTB mutant",,,http://www.ncbi.nlm.nih.gov/protein/770190A,,,,,"Vibrio cholerae",http://purl.obolibrary.org/obo/NCBITaxon_666,"Vibrio cholerae",http://purl.obolibrary.org/obo/NCBITaxon_666
http://www.iedb.org/assay/1066605,http://www.iedb.org/reference/1000744,Literature,1696928,,"T Takeda; G B Nair; K Suzuki; Y Shimonishi","Infect Immun",1990,"Production of a monoclonal antibody to Vibrio cholerae non-O1 heat-stable enterotoxin (ST) which is cross-reactive with Yersinia enterocolitica ST.",http://www.iedb.org/epitope/77470,"Discontinuous peptide",D63,D63,,,,,,,"Heat-stable enterotoxin ST precursor",http://www.ncbi.nlm.nih.gov/protein/P0A4M3.1,,,"Vibrio cholerae",http://purl.obolibrary.org/obo/NCBITaxon_666,"Vibrio cholerae",http://purl.obolibrary.org/obo/NCBITaxon_666,"The amino acid defined a key residue withing the 17 amino acids of V. cholerae non-O1 heat-stable enterotoxin. The amino acid position cited above is from the SwissProt entry for the protein and correlates to position 2 of the 17 amino acid peptide of V. cholerae non-O1 heat-stable enterotoxin described by the authors.",,,,,,,,,,,,,,,,"Mus musculus BALB/c",https://ontology.iedb.org/ontology/ONTIE_0000001,,,M,"6-8 weeks",,"Administration in vivo",,,,"Source Antigen",Protein,"Heat-stable enterotoxin ST precursor","Heat-stable enterotoxin ST precursor",,,http://www.ncbi.nlm.nih.gov/protein/P0A4M3.1,,,,,"Vibrio cholerae",http://purl.obolibrary.org/obo/NCBITaxon_666,"Vibrio cholerae",http://purl.obolibrary.org/obo/NCBITaxon_666,";Freund's complete;",intraperitoneal,2,,,,,,,,,,,,,,,,,,,,,,,N,,"Synthetic enterotoxin was polymerized by glutaraldehyde to make the toxin immunogenic.  Intraperitoneal booster immunization with the same immunogen but without the adjuvant was given on day 21 and on day 42.","Figure 3","inhibition by antigen","qualitative binding",,http://purl.obolibrary.org/obo/OBI_0001701,Positive,,,,,,"Inhibition of binding of the anti-enterotoxin monoclonal antibody to solid-phase enterotoxin by truncations of enterotoxin peptides was performed to define the key residue for monoclonal antibody recognition.  The monoclonal antibody reacted with the peptide composed of the entire 17 amino acid residues and also with the short analog containing the sequence 2 to 17. However, it did not react with the short analogs containing the residues 3 to 15, 3 to16, and 3 to 17, suggesting that the aspartic acid at position 2 of the entertoxin was critical.","Ascitic Fluid",,Monoclonal,2F,IgG1,,,"Source Antigen",Protein,"Heat-stable enterotoxin ST precursor","Heat-stable enterotoxin ST precursor",,,http://www.ncbi.nlm.nih.gov/protein/P0A4M3.1,,,,,"Vibrio cholerae",http://purl.obolibrary.org/obo/NCBITaxon_666,"Vibrio cholerae",http://purl.obolibrary.org/obo/NCBITaxon_666
http://www.iedb.org/assay/1066607,http://www.iedb.org/reference/1000744,Literature,1696928,,"T Takeda; G B Nair; K Suzuki; Y Shimonishi","Infect Immun",1990,"Production of a monoclonal antibody to Vibrio cholerae non-O1 heat-stable enterotoxin (ST) which is cross-reactive with Yersinia enterocolitica ST.",http://www.iedb.org/epitope/77470,"Discontinuous peptide",D63,D63,,,,,,,"Heat-stable enterotoxin ST precursor",http://www.ncbi.nlm.nih.gov/protein/P0A4M3.1,,,"Vibrio cholerae",http://purl.obolibrary.org/obo/NCBITaxon_666,"Vibrio cholerae",http://purl.obolibrary.org/obo/NCBITaxon_666,"The amino acid defined a key residue withing the 17 amino acids of V. cholerae non-O1 heat-stable enterotoxin. The amino acid position cited above is from the SwissProt entry for the protein and correlates to position 2 of the 17 amino acid peptide of V. cholerae non-O1 heat-stable enterotoxin described by the authors.",,,,,,,,,,,,,,,,"Mus musculus BALB/c",https://ontology.iedb.org/ontology/ONTIE_0000001,,,M,"6-8 weeks",,"Administration in vivo",,,,"Source Antigen",Protein,"Heat-stable enterotoxin ST precursor","Heat-stable enterotoxin ST precursor",,,http://www.ncbi.nlm.nih.gov/protein/P0A4M3.1,,,,,"Vibrio cholerae",http://purl.obolibrary.org/obo/NCBITaxon_666,"Vibrio cholerae",http://purl.obolibrary.org/obo/NCBITaxon_666,";Freund's complete;",intraperitoneal,2,,,,,,,,,,,,,,,,,,,,,,,N,,"Synthetic enterotoxin was polymerized by glutaraldehyde to make the toxin immunogenic.  Intraperitoneal booster immunization with the same immunogen but without the adjuvant was given on day 21 and on day 42.","Table 1, Figure 2","biological activity",neutralization,,http://purl.obolibrary.org/obo/OBI_0001643,Positive,,,,,,"The anti-enterotoxin monoclonal antibody was shown to neutralize homologous and heterologous toxins in both the suckling mouse assay and by competitive ELISA.  The monoclonal antibody was shown to completely neutralize 4 mouse units of synthetic and native V. cholerae enterotoxin, V. mimicus enterotoxin, and Yersinia enterocolitica.  These enterotoxins exhibit significant sequence homology in the region of monoclonal antibody binding, including a conserved aspartic acid at position 2, which is shown in this study to be the key residue for antibody recognition. However, the monoclonal antibody did not neutralize enterotoxins of E. coli (STa or STI) which do not have an aspartic acid at this position.","Ascitic Fluid",,Monoclonal,2F,IgG1,,,"Source Antigen",Protein,"Heat-stable enterotoxin ST precursor","Heat-stable enterotoxin ST precursor",,,http://www.ncbi.nlm.nih.gov/protein/P0A4M3.1,,,,,"Vibrio cholerae",http://purl.obolibrary.org/obo/NCBITaxon_666,"Vibrio cholerae",http://purl.obolibrary.org/obo/NCBITaxon_666
http://www.iedb.org/assay/1371158,http://www.iedb.org/reference/1003722,Literature,2819059,,"R Levy; O Assulin; T Scherf; M Levitt; J Anglister",Biochemistry,1989,"Probing antibody diversity by 2D NMR: comparison of amino acid sequences, predicted structures, and observed antibody-antigen interactions in complexes of two antipeptide antibodies.",http://www.iedb.org/epitope/2224242,"Discontinuous peptide","V73, P74, G75, Q77, H78, D80",CTP3,,,,,,,CtxB,https://www.uniprot.org/uniprot/Q57193.1,"Cholera enterotoxin subunit B",http://www.uniprot.org/uniprot/P01556,"Vibrio cholerae",http://purl.obolibrary.org/obo/NCBITaxon_666,"Vibrio cholerae",http://purl.obolibrary.org/obo/NCBITaxon_666,"The conformational sequence represents specific amino acid residues of a peptide of cholera toxin (CTP3: VEVPGSQHIDSQKKA) that interact with a monoclonal antibody.",,,,,,,,,,,,,,,,"Mus musculus (mouse)",http://purl.obolibrary.org/obo/NCBITaxon_10090,,,,,,"Administration in vivo",,,,"Fragment of Source Antigen","Linear peptide",VEVPGSQHIDSQKKA,"cholera toxin",71,85,,CtxB,https://www.uniprot.org/uniprot/Q57193.1,"Cholera enterotoxin subunit B",http://www.uniprot.org/uniprot/P01556,"Vibrio cholerae",http://purl.obolibrary.org/obo/NCBITaxon_666,"Vibrio cholerae",http://purl.obolibrary.org/obo/NCBITaxon_666,,,,,,,,,,,,,,,,,,,,,,,,,,N,,"Production of the monoclonal antibodies was not described in the reference.","Figures 2-6","nuclear magnetic resonance (NMR)","qualitative binding",,http://purl.obolibrary.org/obo/OBI_0001662,Positive,,,,,,"Anti-cholera toxin CTP3 peptide (VEVPGSQHIDSQKKA) monoclonal antibodies were examined using 2D transferred NOE difference spectroscopy to determine the interaction between the aromatic amino acids of two monoclonal antibodies and specific amino acid residues of the peptide.","Purified Immunoglobulin",Fab,Monoclonal,"TE 32, TE33",,,,"Source Antigen",Protein,CtxB,CTP3,,,https://www.uniprot.org/uniprot/Q57193.1,,,,,"Vibrio cholerae",http://purl.obolibrary.org/obo/NCBITaxon_666,"Vibrio cholerae",http://purl.obolibrary.org/obo/NCBITaxon_666
http://www.iedb.org/assay/1371294,http://www.iedb.org/reference/1003720,Literature,2271636,,"B Zilber; T Scherf; M Levitt; J Anglister",Biochemistry,1990,"NMR-derived model for a peptide-antibody complex.",http://www.iedb.org/epitope/77159,"Discontinuous peptide","H57, I58, D59, K62, K63, A64",CTP3,,,,,,,"cholera-like enterotoxin B subunit",http://www.ncbi.nlm.nih.gov/protein/AAB34632.1,"Cholera enterotoxin subunit B",http://www.uniprot.org/uniprot/P01556,"Vibrio cholerae",http://purl.obolibrary.org/obo/NCBITaxon_666,"Vibrio cholerae",http://purl.obolibrary.org/obo/NCBITaxon_666,"The conformational sequence represents specific amino acid residues of a cholera toxin peptide (VEVPGSQHIDSQKKA) found to interact with a monoclonal antibody.",,,,,,,,,,,,,,,,"Mus musculus (mouse)",http://purl.obolibrary.org/obo/NCBITaxon_10090,,,,,,"Administration in vivo",,,,"Fragment of Source Antigen","Linear peptide",VEVPGSQHIDSQKKA,"cholera toxin",50,64,,"cholera-like enterotoxin B subunit",http://www.ncbi.nlm.nih.gov/protein/AAB34632.1,"Cholera enterotoxin subunit B",http://www.uniprot.org/uniprot/P01556,"Vibrio cholerae",http://purl.obolibrary.org/obo/NCBITaxon_666,"Vibrio cholerae",http://purl.obolibrary.org/obo/NCBITaxon_666,,,,,,,,,,,,,,,,,,,,,,,,,,N,,"Production of the monoclonal antibody was not described in the reference.","Table 1","nuclear magnetic resonance (NMR)","qualitative binding",,http://purl.obolibrary.org/obo/OBI_0001662,Positive,,,,,,"The TE34 monoclonal antibody against cholera toxin peptide 3 (CTP3: VEVPGSQHIDSQKKA) was examined using 2D transferred NOE difference spectroscopy to determine the specific peptide-antibody interactions.","Purified Immunoglobulin",Fab,Monoclonal,TE34,IgG1,Kappa,,"Source Antigen",Protein,"cholera-like enterotoxin B subunit",CTP3,,,http://www.ncbi.nlm.nih.gov/protein/AAB34632.1,,,,,"Vibrio cholerae",http://purl.obolibrary.org/obo/NCBITaxon_666,"Vibrio cholerae",http://purl.obolibrary.org/obo/NCBITaxon_666
http://www.iedb.org/assay/1380947,http://www.iedb.org/reference/1004791,Literature,7693449,,"Z H Qu; R A Finkelstein",Electrophoresis,1993,"Checkerboard immunoblotting recognizes twenty epitopes among the B subunit proteins of the cholera enterotoxin family.",http://www.iedb.org/epitope/2224241,"Discontinuous peptide",A67,Ala46,,,,,,,CtxB,https://www.uniprot.org/uniprot/Q57193.1,"Cholera enterotoxin subunit B",http://www.uniprot.org/uniprot/P01556,"Vibrio cholerae",http://purl.obolibrary.org/obo/NCBITaxon_666,"Vibrio cholerae",http://purl.obolibrary.org/obo/NCBITaxon_666,"The epitope is present in B subunits of cholera enterotoxin (CT) and CT-related heat labile enterotoxins (LTs) from human diarrheagenic strains of E. coli, but not porcine LT.",,,,,,,,,,,,,,,,"Mus musculus (mouse)",http://purl.obolibrary.org/obo/NCBITaxon_10090,,,,,,"Administration in vivo",,,,"Source Antigen",Protein,CtxB,"Cholera toxin B protein (CTB)",,,https://www.uniprot.org/uniprot/Q57193.1,,,,,"Vibrio cholerae",http://purl.obolibrary.org/obo/NCBITaxon_666,"Vibrio cholerae",http://purl.obolibrary.org/obo/NCBITaxon_666,,,,,,,,,,,,,,,,,,,,,,,,,,N,,"Details of generating mAb were described by RA Finkelstein, et al (Rev. Infect. Dis., 1987, 9:544-561).","Figures 2-3","western blot","qualitative binding",,http://purl.obolibrary.org/obo/OBI_0001650,Positive,,,,,,"The neutralizing mAb G (α-CT-1-V) only recognized cholera enterotoxins (CTs), CT-related human diarrheagenic heat labile enterotoxins (LTs), or chimeric proteins containing the epitope. Similar results were obtained from adsorption assay with enterotoxins. In addition, the mAb did not recognize porcine LT which has a different corresponding residue.","Culture Supernatant","Entire Antibody",Monoclonal,α-CT-1-V,,,,"Source Antigen",Protein,CtxB,"Cholera toxin B protein (CTB) precursor",,,https://www.uniprot.org/uniprot/Q57193.1,,,,,"Vibrio cholerae",http://purl.obolibrary.org/obo/NCBITaxon_666,"Vibrio cholerae",http://purl.obolibrary.org/obo/NCBITaxon_666
http://www.iedb.org/assay/1380949,http://www.iedb.org/reference/1004791,Literature,7693449,,"Z H Qu; R A Finkelstein",Electrophoresis,1993,"Checkerboard immunoblotting recognizes twenty epitopes among the B subunit proteins of the cholera enterotoxin family.",http://www.iedb.org/epitope/2224241,"Discontinuous peptide",A67,Ala46,,,,,,,CtxB,https://www.uniprot.org/uniprot/Q57193.1,"Cholera enterotoxin subunit B",http://www.uniprot.org/uniprot/P01556,"Vibrio cholerae",http://purl.obolibrary.org/obo/NCBITaxon_666,"Vibrio cholerae",http://purl.obolibrary.org/obo/NCBITaxon_666,"The epitope is present in B subunits of cholera enterotoxin (CT) and CT-related heat labile enterotoxins (LTs) from human diarrheagenic strains of E. coli, but not porcine LT.",,,,,,,,,,,,,,,,"Mus musculus (mouse)",http://purl.obolibrary.org/obo/NCBITaxon_10090,,,,,,"Administration in vivo",,,,"Source Antigen",Protein,CtxB,"Cholera toxin B protein (CTB)",,,https://www.uniprot.org/uniprot/Q57193.1,,,,,"Vibrio cholerae",http://purl.obolibrary.org/obo/NCBITaxon_666,"Vibrio cholerae",http://purl.obolibrary.org/obo/NCBITaxon_666,,,,,,,,,,,,,,,,,,,,,,,,,,N,,"Details of generating mAb were described by RA Finkelstein, et al (Rev. Infect. Dis., 1987, 9:544-561).","Figures 2-3","western blot","qualitative binding",,http://purl.obolibrary.org/obo/OBI_0001650,Positive,,,,,,"The neutralizing mAb G (α-CT-1-V) only recognized cholera enterotoxins (CTs), CT-related human diarrheagenic heat labile enterotoxins (LTs), or chimeric proteins containing the epitope. Similar results were obtained from adsorption assay with enterotoxins. In addition, the mAb did not recognize porcine LT which has a different corresponding residue.","Culture Supernatant","Entire Antibody",Monoclonal,α-CT-1-V,,,,Other,Protein,"Heat-labile enterotoxin B chain precursor","enterotoxin subunit B",,,http://www.ncbi.nlm.nih.gov/protein/P13811.1,,,,,"Escherichia coli",http://purl.obolibrary.org/obo/NCBITaxon_562,"Escherichia coli",http://purl.obolibrary.org/obo/NCBITaxon_562
http://www.iedb.org/assay/1863504,http://www.iedb.org/reference/1019679,Literature,19578361,,"Yiling Fang; Hariharan Jayaram; Tania Shane; Ludmila Kolmakova-Partensky; Fang Wu; Carole Williams; Yong Xiong; Christopher Miller",Nature,2009,"Structure of a prokaryotic virtual proton pump at 3.2 A resolution.",http://www.iedb.org/epitope/158570,"Discontinuous peptide on multi chain","A: R430, I431, K433, P435, Y436, P437, L438, D439, A440; B: P83, H377, G378, H379, I431, H432, K433, N434, P435, P437","Epitope of Fab21 on AdiC",,,,,,,,,,,"Salmonella enterica subsp. enterica serovar Typhimurium",http://purl.obolibrary.org/obo/NCBITaxon_90371,"Salmonella enterica",http://purl.obolibrary.org/obo/NCBITaxon_28901,"Epitope residues are calculated from the structure [PDB: 3NCY] as the antigen residues at 4 Å distance from the antibody.",,,,,,,,,,,,,,,,"Mus musculus (mouse)",http://purl.obolibrary.org/obo/NCBITaxon_10090,,,,,,"Administration in vivo",,,,"Taxonomic Sibling",Protein,"arginine:agmatin antiporter",,,,http://www.ncbi.nlm.nih.gov/protein/NP_290748.1,,,,,"Escherichia coli",http://purl.obolibrary.org/obo/NCBITaxon_562,"Escherichia coli",http://purl.obolibrary.org/obo/NCBITaxon_562,,,,,,,,,,,,,,,,,,,,,,,,,,N,,"The monoclonal antibody was generated by immunization of mice with E. coli AdiC and screening ELISA-positive hybridomas for stable complexes, crystallization, and diffraction quality. The details of the immunization procedure were not described.","Supplementary Table 1, Supplementary Figure 1 and PDB 3NCY","x-ray crystallography","3D structure",angstroms,http://purl.obolibrary.org/obo/OBI_0001738,Positive,=,3.2,,,,"The epitope of Fab21 on Salmonella AdiC (arginine/agmatine antiporter) was determined from the crystal structure of the complex.","Purified Immunoglobulin",Fab,Monoclonal,Fab21,IgG2a,,3NCY,"Source Antigen","Multi-Chain protein",AdiC,,,,http://www.ncbi.nlm.nih.gov/protein/P60066.1,,,,,"Salmonella enterica subsp. enterica serovar Typhimurium",http://purl.obolibrary.org/obo/NCBITaxon_90371,"Salmonella enterica",http://purl.obolibrary.org/obo/NCBITaxon_28901
http://www.iedb.org/assay/3137880,http://www.iedb.org/reference/1031469,Literature,28334932,,"San Hadži; Abel Garcia-Pino; Sarah Haesaerts; Dukas Jurenas; Kenn Gerdes; Jurij Lah; Remy Loris","Nucleic Acids Res",2017,"Ribosome-dependent Vibrio cholerae mRNAse HigB2 is regulated by a &beta;-strand sliding mechanism.",http://www.iedb.org/epitope/606213,"Discontinuous peptide","S8, T9, I10, E12, K13, Y14, Y18, L79, T80, I81, Y82, N85, E86, M87, S88, L90, N93, Q94, Q97, L98, F101, A104, E108","Epitope of Nb2 on V. cholerae HigB2 toxin (VcHigB2)",,,,,,,"Toxin HigB-2",http://www.ncbi.nlm.nih.gov/protein/Q9KMA6.1,"Toxin HigB-2",http://www.uniprot.org/uniprot/Q9KMA6,"Vibrio cholerae O1 biovar El Tor str. N16961",http://purl.obolibrary.org/obo/NCBITaxon_243277,"Vibrio cholerae",http://purl.obolibrary.org/obo/NCBITaxon_666,"The epitope residues were calculated from [PDB: 5JA8] as the antigen residues at 4Å atomic distance from the antibody.",,,,,,,,,,,,,,,,"Lama glama (llama)",http://purl.obolibrary.org/obo/NCBITaxon_9844,,,,,,"Administration in vivo",,,,"Source Antigen",Protein,"Toxin HigB-2",,,,http://www.ncbi.nlm.nih.gov/protein/Q9KMA6.1,,,,,"Vibrio cholerae O1 biovar El Tor str. N16961",http://purl.obolibrary.org/obo/NCBITaxon_243277,"Vibrio cholerae",http://purl.obolibrary.org/obo/NCBITaxon_666,,,,,,,,,,,,,,,,,,,,,,,,,,N,,"A single llama was immunized with VcHigB2. Blood was collected and a heavy chain library was constructed that was panned for VcHigB2 binders using phage display.","Figure S1, Table S1 and PDB 5JA8","x-ray crystallography","3D structure",angstroms,http://purl.obolibrary.org/obo/OBI_0001738,Positive,=,2.49,,,,"The epitope of nanobody Nb2 on VcHigB2 was determined from the crystal structure of the complex. Nb2 was used as a crystallization chaperone.","Purified Immunoglobulin","VH Domain","Display Library (monoclonal)",Nb2,,,5JA8,"Source Antigen",Protein,"Toxin HigB-2",,,,http://www.ncbi.nlm.nih.gov/protein/Q9KMA6.1,,,,,"Vibrio cholerae O1 biovar El Tor str. N16961",http://purl.obolibrary.org/obo/NCBITaxon_243277,"Vibrio cholerae",http://purl.obolibrary.org/obo/NCBITaxon_666
http://www.iedb.org/assay/3137881,http://www.iedb.org/reference/1031469,Literature,28334932,,"San Hadži; Abel Garcia-Pino; Sarah Haesaerts; Dukas Jurenas; Kenn Gerdes; Jurij Lah; Remy Loris","Nucleic Acids Res",2017,"Ribosome-dependent Vibrio cholerae mRNAse HigB2 is regulated by a &beta;-strand sliding mechanism.",http://www.iedb.org/epitope/606211,"Discontinuous peptide","I10, E12, K13, Y14, E17, Y18, I66, T80, I81, Y82, E86, M87, Q97, L98, F101","Epitope of Nb6 on V. cholerae HigB2 toxin (VcHigB2)",,,,,,,"Toxin HigB-2",http://www.ncbi.nlm.nih.gov/protein/Q9KMA6.1,"Toxin HigB-2",http://www.uniprot.org/uniprot/Q9KMA6,"Vibrio cholerae O1 biovar El Tor str. N16961",http://purl.obolibrary.org/obo/NCBITaxon_243277,"Vibrio cholerae",http://purl.obolibrary.org/obo/NCBITaxon_666,"The epitope residues were calculated from [PDB: 5JA9] as the antigen residues at 4Å atomic distance from the antibody.",,,,,,,,,,,,,,,,"Lama glama (llama)",http://purl.obolibrary.org/obo/NCBITaxon_9844,,,,,,"Administration in vivo",,,,"Source Antigen",Protein,"Toxin HigB-2",,,,http://www.ncbi.nlm.nih.gov/protein/Q9KMA6.1,,,,,"Vibrio cholerae O1 biovar El Tor str. N16961",http://purl.obolibrary.org/obo/NCBITaxon_243277,"Vibrio cholerae",http://purl.obolibrary.org/obo/NCBITaxon_666,,,,,,,,,,,,,,,,,,,,,,,,,,N,,"A single llama was immunized with VcHigB2. Blood was collected and a heavy chain library was constructed that was panned for VcHigB2 binders using phage display.","Figure S1, Table S1 and PDB 5JA9","x-ray crystallography","3D structure",angstroms,http://purl.obolibrary.org/obo/OBI_0001738,Positive,=,1.85,,,,"The epitope of nanobody Nb6 on VcHigB2 was determined from the crystal structure of the complex. Nb6 was used as a crystallization chaperone.","Purified Immunoglobulin","VH Domain","Display Library (monoclonal)",Nb6,,,5JA9,"Source Antigen",Protein,"Toxin HigB-2",,,,http://www.ncbi.nlm.nih.gov/protein/Q9KMA6.1,,,,,"Vibrio cholerae O1 biovar El Tor str. N16961",http://purl.obolibrary.org/obo/NCBITaxon_243277,"Vibrio cholerae",http://purl.obolibrary.org/obo/NCBITaxon_666
http://www.iedb.org/assay/3137882,http://www.iedb.org/reference/1031469,Literature,28334932,,"San Hadži; Abel Garcia-Pino; Sarah Haesaerts; Dukas Jurenas; Kenn Gerdes; Jurij Lah; Remy Loris","Nucleic Acids Res",2017,"Ribosome-dependent Vibrio cholerae mRNAse HigB2 is regulated by a &beta;-strand sliding mechanism.",http://www.iedb.org/epitope/606212,"Discontinuous peptide","M1, K2, S3, V4, F5, V6, E7, E12, R15, D21, Y24, R25, L26, Q28, A29, M32, L33, R75","Epitope of Nb8 on V. cholerae HigB2 toxin (VcHigB2)",,,,,,,"Toxin HigB-2",http://www.ncbi.nlm.nih.gov/protein/Q9KMA6.1,"Toxin HigB-2",http://www.uniprot.org/uniprot/Q9KMA6,"Vibrio cholerae O1 biovar El Tor str. N16961",http://purl.obolibrary.org/obo/NCBITaxon_243277,"Vibrio cholerae",http://purl.obolibrary.org/obo/NCBITaxon_666,"The epitope residues were calculated from [PDB: 5MJE] as the antigen residues at 4Å atomic distance from the antibody. Additional contact residues with the linker at the N-terminus of the antigen (G-7, L-6, V-5, P-4, H0) were observed.",,,,,,,,,,,,,,,,"Lama glama (llama)",http://purl.obolibrary.org/obo/NCBITaxon_9844,,,,,,"Administration in vivo",,,,"Source Antigen",Protein,"Toxin HigB-2",,,,http://www.ncbi.nlm.nih.gov/protein/Q9KMA6.1,,,,,"Vibrio cholerae O1 biovar El Tor str. N16961",http://purl.obolibrary.org/obo/NCBITaxon_243277,"Vibrio cholerae",http://purl.obolibrary.org/obo/NCBITaxon_666,,,,,,,,,,,,,,,,,,,,,,,,,,N,,"A single llama was immunized with VcHigB2. Blood was collected and a heavy chain library was constructed that was panned for VcHigB2 binders using phage display.","Figure S1, Table S1 and PDB 5MJE","x-ray crystallography","3D structure",angstroms,http://purl.obolibrary.org/obo/OBI_0001738,Positive,=,2.6,,,,"The epitope of nanobody Nb8 on VcHigB2 was determined from the crystal structure of the complex. Nb8 was used as a crystallization chaperone.","Purified Immunoglobulin","VH Domain","Display Library (monoclonal)",Nb8,,,5MJE,"Source Antigen",Protein,"Toxin HigB-2",,,,http://www.ncbi.nlm.nih.gov/protein/Q9KMA6.1,,,,,"Vibrio cholerae O1 biovar El Tor str. N16961",http://purl.obolibrary.org/obo/NCBITaxon_243277,"Vibrio cholerae",http://purl.obolibrary.org/obo/NCBITaxon_666
http://www.iedb.org/assay/3202130,http://www.iedb.org/reference/1031588,Literature,28422165,,"Camilo Perez; Martin Köhler; Daniel Janser; Els Pardon; Jan Steyaert; Renato Zenobi; Kaspar P Locher","Sci Rep",2017,"Structural basis of inhibition of lipid-linked oligosaccharide flippase PglK by a conformational nanobody.",http://www.iedb.org/epitope/607158,"Discontinuous peptide on multi chain","A: Q126, E359, G360, K361, K362; B: H465, F466, N469, L470, P471, Q472, T476, S483, N484, S486, G488, Q489, R492, S519, K522","Epitope of nanobody Nb87 on PglK ABC transporter",,,,,,,,,,,"Campylobacter jejuni",http://purl.obolibrary.org/obo/NCBITaxon_197,"Campylobacter jejuni",http://purl.obolibrary.org/obo/NCBITaxon_197,"The epitope residues were calculated from [PDB: 5NBD] as the antigen residues at 4Å atomic distance from the antibody.",,,,,,,,,,,,,,,,"Lama glama (llama)",http://purl.obolibrary.org/obo/NCBITaxon_9844,,,,,,"Administration in vivo",,,,"Source Antigen","Multi-Chain protein","PglK flippase",,,,http://www.ncbi.nlm.nih.gov/protein/O86150,,,,,"Campylobacter jejuni",http://purl.obolibrary.org/obo/NCBITaxon_197,"Campylobacter jejuni",http://purl.obolibrary.org/obo/NCBITaxon_197,;Liposomes;,,"Multiple doses over 6 weeks",,,,,,,,,,,,,,,,,,,,,,,N,,"A llama was immunized with purified PglK (1 mg) reconstituted in proteoliposomes over a period of six weeks. A nanobody phage display library was generated and selected for binding and inhibition of PglK ATPase activity.","Figure 1, Supplementary Figures 4, 5, 6, Supplementary Table 1 and PDB 5NBD","x-ray crystallography","3D structure",angstroms,http://purl.obolibrary.org/obo/OBI_0001738,Positive,=,3.9,,,,"The epitope of Nb87 on the PglK homodimer was determined from the crystal structure of the complex, solved by molecular replacement. The PglK mutant E510Q was used for higher expression yield.","Purified Immunoglobulin","VH Domain","Display Library (monoclonal)",Nb87,,,5NBD,"Source Antigen","Multi-Chain protein","PglK flippase",,,,http://www.ncbi.nlm.nih.gov/protein/O86150,,,,,"Campylobacter jejuni",http://purl.obolibrary.org/obo/NCBITaxon_197,"Campylobacter jejuni",http://purl.obolibrary.org/obo/NCBITaxon_197
http://www.iedb.org/assay/3202131,http://www.iedb.org/reference/1031588,Literature,28422165,,"Camilo Perez; Martin Köhler; Daniel Janser; Els Pardon; Jan Steyaert; Renato Zenobi; Kaspar P Locher","Sci Rep",2017,"Structural basis of inhibition of lipid-linked oligosaccharide flippase PglK by a conformational nanobody.",http://www.iedb.org/epitope/607158,"Discontinuous peptide on multi chain","A: Q126, E359, G360, K361, K362; B: H465, F466, N469, L470, P471, Q472, T476, S483, N484, S486, G488, Q489, R492, S519, K522","Epitope of nanobody Nb87 on PglK ABC transporter",,,,,,,,,,,"Campylobacter jejuni",http://purl.obolibrary.org/obo/NCBITaxon_197,"Campylobacter jejuni",http://purl.obolibrary.org/obo/NCBITaxon_197,"The epitope residues were calculated from [PDB: 5NBD] as the antigen residues at 4Å atomic distance from the antibody.",,,,,,,,,,,,,,,,"Lama glama (llama)",http://purl.obolibrary.org/obo/NCBITaxon_9844,,,,,,"Administration in vivo",,,,"Source Antigen","Multi-Chain protein","PglK flippase",,,,http://www.ncbi.nlm.nih.gov/protein/O86150,,,,,"Campylobacter jejuni",http://purl.obolibrary.org/obo/NCBITaxon_197,"Campylobacter jejuni",http://purl.obolibrary.org/obo/NCBITaxon_197,;Liposomes;,,"Multiple doses over 6 weeks",,,,,,,,,,,,,,,,,,,,,,,N,,"A llama was immunized with purified PglK (1 mg) reconstituted in proteoliposomes over a period of six weeks. A nanobody phage display library was generated and selected for binding and inhibition of PglK ATPase activity.","Table 1, Figure 3 and Supplementary Figure 2","biological activity",neutralization,,http://purl.obolibrary.org/obo/OBI_0001643,Positive,,,,,,"Epitope-specific nanobody Nb87 inhibited the ATPase activity of PglK in a non-competitive manner. The binding of a single Nb87 nanobody to a PglK homodimer causes maximal inhibition.","Purified Immunoglobulin","VH Domain","Display Library (monoclonal)",Nb87,,,,"Source Antigen","Multi-Chain protein","PglK flippase",,,,http://www.ncbi.nlm.nih.gov/protein/O86150,,,,,"Campylobacter jejuni",http://purl.obolibrary.org/obo/NCBITaxon_197,"Campylobacter jejuni",http://purl.obolibrary.org/obo/NCBITaxon_197
http://www.iedb.org/assay/3202132,http://www.iedb.org/reference/1031588,Literature,28422165,,"Camilo Perez; Martin Köhler; Daniel Janser; Els Pardon; Jan Steyaert; Renato Zenobi; Kaspar P Locher","Sci Rep",2017,"Structural basis of inhibition of lipid-linked oligosaccharide flippase PglK by a conformational nanobody.",http://www.iedb.org/epitope/607158,"Discontinuous peptide on multi chain","A: Q126, E359, G360, K361, K362; B: H465, F466, N469, L470, P471, Q472, T476, S483, N484, S486, G488, Q489, R492, S519, K522","Epitope of nanobody Nb87 on PglK ABC transporter",,,,,,,,,,,"Campylobacter jejuni",http://purl.obolibrary.org/obo/NCBITaxon_197,"Campylobacter jejuni",http://purl.obolibrary.org/obo/NCBITaxon_197,"The epitope residues were calculated from [PDB: 5NBD] as the antigen residues at 4Å atomic distance from the antibody.",,,,,,,,,,,,,,,,"Lama glama (llama)",http://purl.obolibrary.org/obo/NCBITaxon_9844,,,,,,"Administration in vivo",,,,"Source Antigen","Multi-Chain protein","PglK flippase",,,,http://www.ncbi.nlm.nih.gov/protein/O86150,,,,,"Campylobacter jejuni",http://purl.obolibrary.org/obo/NCBITaxon_197,"Campylobacter jejuni",http://purl.obolibrary.org/obo/NCBITaxon_197,;Liposomes;,,"Multiple doses over 6 weeks",,,,,,,,,,,,,,,,,,,,,,,N,,"A llama was immunized with purified PglK (1 mg) reconstituted in proteoliposomes over a period of six weeks. A nanobody phage display library was generated and selected for binding and inhibition of PglK ATPase activity.","Supplementary Figures 1 and 3",immunoprecipitation,"qualitative binding",,http://purl.obolibrary.org/obo/OBI_0001653,Positive,,,,,,"Epitope-specific nanobody Nb87 immunoprecipitated PglK in a pull-down assay and bound PglK analyzed by size exclusion chromatography.","Purified Immunoglobulin","VH Domain","Display Library (monoclonal)",Nb87,,,,"Source Antigen","Multi-Chain protein","PglK flippase",,,,http://www.ncbi.nlm.nih.gov/protein/O86150,,,,,"Campylobacter jejuni",http://purl.obolibrary.org/obo/NCBITaxon_197,"Campylobacter jejuni",http://purl.obolibrary.org/obo/NCBITaxon_197
http://www.iedb.org/assay/3206375,http://www.iedb.org/reference/1031620,Literature,28526816,,"Chai Fung Chin; Jing Yi Lai; Yee Siew Choong; Amy Amilda Anthony; Asma Ismail; Theam Soon Lim","Sci Rep",2017,"Delineation of B-cell Epitopes of Salmonella enterica serovar Typhi Hemolysin E: Potential antibody therapeutic target.",http://www.iedb.org/epitope/607156,"Discontinuous peptide","Y54, S55, Q56, E57, S59, V60, L61, S145, A150, D152, S153, Q154, N212, Q219","HlyE Conf",,,,,,,"Hemolysin E",http://www.ncbi.nlm.nih.gov/protein/Q8Z727.3,"Acetylneuraminate ABC transporter",http://www.uniprot.org/uniprot/A0A0H3NFG2,"Salmonella enterica subsp. enterica serovar Typhi",http://purl.obolibrary.org/obo/NCBITaxon_90370,"Salmonella enterica",http://purl.obolibrary.org/obo/NCBITaxon_28901,,,,,,,,,,,,,,,,,"Homo sapiens (human)",http://purl.obolibrary.org/obo/NCBITaxon_9606,Malaysia,http://purl.obolibrary.org/obo/GAZ_00003902,,,,"Occurrence of infectious disease","typhoid fever",http://purl.obolibrary.org/obo/DOID_13258,"Acute/Recent onset","Source Organism",Organism,"Salmonella enterica subsp. enterica serovar Typhi",,,,,,,,,"Salmonella enterica subsp. enterica serovar Typhi",http://purl.obolibrary.org/obo/NCBITaxon_90370,"Salmonella enterica",http://purl.obolibrary.org/obo/NCBITaxon_28901,,,,,,,,,,,,,,,,,,,,,,,,,,N,,,"Figure 2",ELISA,"qualitative binding",,http://purl.obolibrary.org/obo/OBI_0001657,Positive,,,,,,"The antibodies bound the peptide in ELISA.","Purified Immunoglobulin","Entire Antibody",Polyclonal,,IgA,,,"Structurally Related","Linear peptide",PYSQESVLSADSQNQK,,,,,,,,,,,,
http://www.iedb.org/assay/3206376,http://www.iedb.org/reference/1031620,Literature,28526816,,"Chai Fung Chin; Jing Yi Lai; Yee Siew Choong; Amy Amilda Anthony; Asma Ismail; Theam Soon Lim","Sci Rep",2017,"Delineation of B-cell Epitopes of Salmonella enterica serovar Typhi Hemolysin E: Potential antibody therapeutic target.",http://www.iedb.org/epitope/607156,"Discontinuous peptide","Y54, S55, Q56, E57, S59, V60, L61, S145, A150, D152, S153, Q154, N212, Q219","HlyE Conf",,,,,,,"Hemolysin E",http://www.ncbi.nlm.nih.gov/protein/Q8Z727.3,"Acetylneuraminate ABC transporter",http://www.uniprot.org/uniprot/A0A0H3NFG2,"Salmonella enterica subsp. enterica serovar Typhi",http://purl.obolibrary.org/obo/NCBITaxon_90370,"Salmonella enterica",http://purl.obolibrary.org/obo/NCBITaxon_28901,,,,,,,,,,,,,,,,,"Homo sapiens (human)",http://purl.obolibrary.org/obo/NCBITaxon_9606,Malaysia,http://purl.obolibrary.org/obo/GAZ_00003902,,,,"Occurrence of infectious disease","typhoid fever",http://purl.obolibrary.org/obo/DOID_13258,"Acute/Recent onset","Source Organism",Organism,"Salmonella enterica subsp. enterica serovar Typhi",,,,,,,,,"Salmonella enterica subsp. enterica serovar Typhi",http://purl.obolibrary.org/obo/NCBITaxon_90370,"Salmonella enterica",http://purl.obolibrary.org/obo/NCBITaxon_28901,,,,,,,,,,,,,,,,,,,,,,,,,,N,,,"Figure 2",ELISA,"qualitative binding",,http://purl.obolibrary.org/obo/OBI_0001657,Positive-Low,,,,,,"The antibodies bound the peptide in ELISA.","Purified Immunoglobulin","Entire Antibody",Polyclonal,,IgM,,,"Structurally Related","Linear peptide",PYSQESVLSADSQNQK,,,,,,,,,,,,
http://www.iedb.org/assay/3206377,http://www.iedb.org/reference/1031620,Literature,28526816,,"Chai Fung Chin; Jing Yi Lai; Yee Siew Choong; Amy Amilda Anthony; Asma Ismail; Theam Soon Lim","Sci Rep",2017,"Delineation of B-cell Epitopes of Salmonella enterica serovar Typhi Hemolysin E: Potential antibody therapeutic target.",http://www.iedb.org/epitope/607156,"Discontinuous peptide","Y54, S55, Q56, E57, S59, V60, L61, S145, A150, D152, S153, Q154, N212, Q219","HlyE Conf",,,,,,,"Hemolysin E",http://www.ncbi.nlm.nih.gov/protein/Q8Z727.3,"Acetylneuraminate ABC transporter",http://www.uniprot.org/uniprot/A0A0H3NFG2,"Salmonella enterica subsp. enterica serovar Typhi",http://purl.obolibrary.org/obo/NCBITaxon_90370,"Salmonella enterica",http://purl.obolibrary.org/obo/NCBITaxon_28901,,,,,,,,,,,,,,,,,"Homo sapiens (human)",http://purl.obolibrary.org/obo/NCBITaxon_9606,Malaysia,http://purl.obolibrary.org/obo/GAZ_00003902,,,,"Occurrence of infectious disease","typhoid fever",http://purl.obolibrary.org/obo/DOID_13258,"Acute/Recent onset","Source Organism",Organism,"Salmonella enterica subsp. enterica serovar Typhi",,,,,,,,,"Salmonella enterica subsp. enterica serovar Typhi",http://purl.obolibrary.org/obo/NCBITaxon_90370,"Salmonella enterica",http://purl.obolibrary.org/obo/NCBITaxon_28901,,,,,,,,,,,,,,,,,,,,,,,,,,N,,,"Figure 2",ELISA,"qualitative binding",,http://purl.obolibrary.org/obo/OBI_0001657,Positive,,,,,,"The antibodies bound the peptide in ELISA.","Purified Immunoglobulin","Entire Antibody",Polyclonal,,IgG,,,"Structurally Related","Linear peptide",PYSQESVLSADSQNQK,,,,,,,,,,,,
http://www.iedb.org/assay/3206378,http://www.iedb.org/reference/1031620,Literature,28526816,,"Chai Fung Chin; Jing Yi Lai; Yee Siew Choong; Amy Amilda Anthony; Asma Ismail; Theam Soon Lim","Sci Rep",2017,"Delineation of B-cell Epitopes of Salmonella enterica serovar Typhi Hemolysin E: Potential antibody therapeutic target.",http://www.iedb.org/epitope/607156,"Discontinuous peptide","Y54, S55, Q56, E57, S59, V60, L61, S145, A150, D152, S153, Q154, N212, Q219","HlyE Conf",,,,,,,"Hemolysin E",http://www.ncbi.nlm.nih.gov/protein/Q8Z727.3,"Acetylneuraminate ABC transporter",http://www.uniprot.org/uniprot/A0A0H3NFG2,"Salmonella enterica subsp. enterica serovar Typhi",http://purl.obolibrary.org/obo/NCBITaxon_90370,"Salmonella enterica",http://purl.obolibrary.org/obo/NCBITaxon_28901,,,,,,,,,,,,,,,,,"Homo sapiens (human)",http://purl.obolibrary.org/obo/NCBITaxon_9606,,,,,,"No immunization",,,,,,,,,,,,,,,,,,,,,,,,,,,,,,,,,,,,,,,,,,,,N,,"Epitope-specific scFv was generated from a naive human single chain variable (scFv) phage library.","Figures 3, 4, S8, and S9 and Table S2",ELISA,"qualitative binding",,http://purl.obolibrary.org/obo/OBI_0001657,Positive,,,,,,"The epitope specific scFv bound the peptide in ELISA.","Displayed Ab(s)",scFv,"Display Library",mAb_C_C2,,,,"Structurally Related","Linear peptide",PYSQESVLSADSQNQK,,,,,,,,,,,,
http://www.iedb.org/assay/3206379,http://www.iedb.org/reference/1031620,Literature,28526816,,"Chai Fung Chin; Jing Yi Lai; Yee Siew Choong; Amy Amilda Anthony; Asma Ismail; Theam Soon Lim","Sci Rep",2017,"Delineation of B-cell Epitopes of Salmonella enterica serovar Typhi Hemolysin E: Potential antibody therapeutic target.",http://www.iedb.org/epitope/607156,"Discontinuous peptide","Y54, S55, Q56, E57, S59, V60, L61, S145, A150, D152, S153, Q154, N212, Q219","HlyE Conf",,,,,,,"Hemolysin E",http://www.ncbi.nlm.nih.gov/protein/Q8Z727.3,"Acetylneuraminate ABC transporter",http://www.uniprot.org/uniprot/A0A0H3NFG2,"Salmonella enterica subsp. enterica serovar Typhi",http://purl.obolibrary.org/obo/NCBITaxon_90370,"Salmonella enterica",http://purl.obolibrary.org/obo/NCBITaxon_28901,,,,,,,,,,,,,,,,,"Homo sapiens (human)",http://purl.obolibrary.org/obo/NCBITaxon_9606,,,,,,"No immunization",,,,,,,,,,,,,,,,,,,,,,,,,,,,,,,,,,,,,,,,,,,,N,,"Epitope-specific scFv was generated from a naive human single chain variable (scFv) phage library.","Figures 4, S9, and S12 and Table S4, S11",ELISA,"qualitative binding",,http://purl.obolibrary.org/obo/OBI_0001657,Positive,,,,,,"The epitope specific scFv bound the protein in ELISA. Mutation of the epitopic residues reduced binding.","Displayed Ab(s)",scFv,"Display Library",mAb_C_C2,,,,"Source Antigen",Protein,"Hemolysin E",,,,http://www.ncbi.nlm.nih.gov/protein/Q8Z727.3,,,,,"Salmonella enterica subsp. enterica serovar Typhi",http://purl.obolibrary.org/obo/NCBITaxon_90370,"Salmonella enterica",http://purl.obolibrary.org/obo/NCBITaxon_28901
http://www.iedb.org/assay/12952505,http://www.iedb.org/reference/1038448,Literature,33711056,,"Raphaël Sierocki; Bakhos Jneid; Maria Lucia Orsini Delgado; Marc Plaisance; Bernard Maillère; Hervé Nozach; Stéphanie Simon","PLoS Negl Trop Dis",2021,"An antibody targeting type III secretion system induces broad protection against Salmonella and Shigella infections.",http://www.iedb.org/epitope/1347678,"Discontinuous peptide","L171, I178, P180, G181, V188, N273, A274, Y276, Q277, A278, W279, N280, A281","IpaD-318 epitope",,,,,,,"Invasin ipaD",http://www.ncbi.nlm.nih.gov/protein/P18013.1,"Invasin IpaD",http://www.uniprot.org/uniprot/P18013,"Shigella flexneri 2a",http://purl.obolibrary.org/obo/NCBITaxon_42897,"Shigella flexneri",http://purl.obolibrary.org/obo/NCBITaxon_623,,,,,,,,,,,,,,,,,"Mus musculus BALB/c",https://ontology.iedb.org/ontology/ONTIE_0000001,,,F,"6-8 weeks",,"Administration in vivo",,,,"Source Antigen",Protein,"Invasin ipaD",,,,http://www.ncbi.nlm.nih.gov/protein/P18013.1,,,,,"Shigella flexneri 2a",http://purl.obolibrary.org/obo/NCBITaxon_42897,"Shigella flexneri",http://purl.obolibrary.org/obo/NCBITaxon_623,,,,,,,,,,,,,,,,,,,,,,,,,,N,,"Six- to 8-week-old female BALB/c mice were immunized 3 times with recombinant IpaD (Shigella strain CIP 82.48T) either by the intranasal route (10 μg of recombinant protein with cholera toxin as adjuvant), or by the subcutaneous route (20 μg of recombinant protein with alum hydroxide as adjuvant).  The two mice presenting the highest immune response were given three intravenous booster injections of IpaD recombinant protein 2 months after the last immunization. Two days after the last boost spleens were harvested for hybridoma production.","S1 Text Table A, Figure S2",ELISA,"qualitative binding",,http://purl.obolibrary.org/obo/OBI_0001657,Positive,,,,,,"The epitope specific mAb recognized the needle tip protein, IpaD. Western blot was also positive.","Purified Immunoglobulin","Entire Antibody",Monoclonal,IpaD-318,IgG1,,,"Source Antigen",Protein,"Invasin ipaD",IpaD,,,http://www.ncbi.nlm.nih.gov/protein/P18013.1,,,,,"Shigella flexneri 2a",http://purl.obolibrary.org/obo/NCBITaxon_42897,"Shigella flexneri",http://purl.obolibrary.org/obo/NCBITaxon_623
http://www.iedb.org/assay/12952506,http://www.iedb.org/reference/1038448,Literature,33711056,,"Raphaël Sierocki; Bakhos Jneid; Maria Lucia Orsini Delgado; Marc Plaisance; Bernard Maillère; Hervé Nozach; Stéphanie Simon","PLoS Negl Trop Dis",2021,"An antibody targeting type III secretion system induces broad protection against Salmonella and Shigella infections.",http://www.iedb.org/epitope/1347678,"Discontinuous peptide","L171, I178, P180, G181, V188, N273, A274, Y276, Q277, A278, W279, N280, A281","IpaD-318 epitope",,,,,,,"Invasin ipaD",http://www.ncbi.nlm.nih.gov/protein/P18013.1,"Invasin IpaD",http://www.uniprot.org/uniprot/P18013,"Shigella flexneri 2a",http://purl.obolibrary.org/obo/NCBITaxon_42897,"Shigella flexneri",http://purl.obolibrary.org/obo/NCBITaxon_623,,,,,,,,,,,,,,,,,"Mus musculus BALB/c",https://ontology.iedb.org/ontology/ONTIE_0000001,,,F,"6-8 weeks",,"Administration in vivo",,,,"Source Antigen",Protein,"Invasin ipaD",,,,http://www.ncbi.nlm.nih.gov/protein/P18013.1,,,,,"Shigella flexneri 2a",http://purl.obolibrary.org/obo/NCBITaxon_42897,"Shigella flexneri",http://purl.obolibrary.org/obo/NCBITaxon_623,,,,,,,,,,,,,,,,,,,,,,,,,,N,,"Six- to 8-week-old female BALB/c mice were immunized 3 times with recombinant IpaD (Shigella strain CIP 82.48T) either by the intranasal route (10 μg of recombinant protein with cholera toxin as adjuvant), or by the subcutaneous route (20 μg of recombinant protein with alum hydroxide as adjuvant).  The two mice presenting the highest immune response were given three intravenous booster injections of IpaD recombinant protein 2 months after the last immunization. Two days after the last boost spleens were harvested for hybridoma production.","S1 Text Table A, Figure S2",ELISA,"qualitative binding",,http://purl.obolibrary.org/obo/OBI_0001657,Positive,,,,,,"The epitope specific mAb recognized the needle tip protein, SipD, from Salmonella enterica serovar Typhimurium. Western blot was also positive.","Purified Immunoglobulin","Entire Antibody",Monoclonal,IpaD-318,IgG1,,,"Taxonomic Sibling",Protein,"Cell invasion protein SipD","S. enterica Typhimurium SipD",,,https://www.uniprot.org/uniprot/Q56026,,,,,"Salmonella enterica subsp. enterica serovar Typhimurium",http://purl.obolibrary.org/obo/NCBITaxon_90371,"Salmonella enterica",http://purl.obolibrary.org/obo/NCBITaxon_28901
http://www.iedb.org/assay/12952744,http://www.iedb.org/reference/1038448,Literature,33711056,,"Raphaël Sierocki; Bakhos Jneid; Maria Lucia Orsini Delgado; Marc Plaisance; Bernard Maillère; Hervé Nozach; Stéphanie Simon","PLoS Negl Trop Dis",2021,"An antibody targeting type III secretion system induces broad protection against Salmonella and Shigella infections.",http://www.iedb.org/epitope/1347678,"Discontinuous peptide","L171, I178, P180, G181, V188, N273, A274, Y276, Q277, A278, W279, N280, A281","IpaD-318 epitope",,,,,,,"Invasin ipaD",http://www.ncbi.nlm.nih.gov/protein/P18013.1,"Invasin IpaD",http://www.uniprot.org/uniprot/P18013,"Shigella flexneri 2a",http://purl.obolibrary.org/obo/NCBITaxon_42897,"Shigella flexneri",http://purl.obolibrary.org/obo/NCBITaxon_623,,,,,,,,,,,,,,,,,"Mus musculus BALB/c",https://ontology.iedb.org/ontology/ONTIE_0000001,,,F,"6-8 weeks",,"Administration in vivo",,,,"Source Antigen",Protein,"Invasin ipaD",,,,http://www.ncbi.nlm.nih.gov/protein/P18013.1,,,,,"Shigella flexneri 2a",http://purl.obolibrary.org/obo/NCBITaxon_42897,"Shigella flexneri",http://purl.obolibrary.org/obo/NCBITaxon_623,,,,,,,,,,,,,,,,,,,,,,,,,,N,,"Six- to 8-week-old female BALB/c mice were immunized 3 times with recombinant IpaD (Shigella strain CIP 82.48T) either by the intranasal route (10 μg of recombinant protein with cholera toxin as adjuvant), or by the subcutaneous route (20 μg of recombinant protein with alum hydroxide as adjuvant).  The two mice presenting the highest immune response were given three intravenous booster injections of IpaD recombinant protein 2 months after the last immunization. Two days after the last boost spleens were harvested for hybridoma production.","Figures 3, 4, S4, S5, and S6","binding assay","dissociation constant KD",nM,http://purl.obolibrary.org/obo/OBI_0001708,Positive,,0.403,,,,"The affinity of the epitope specific mAb for IpaD displayed on the surface of yeast was measured by flow cytometry. The epitope residues for the mAb were determined by screening of a yeast surface display library expressing IpaD molecules with single amino acid mutations by flow cytometry, followed by sorting and deep sequencing of nonbinding variants. The effect of mutation of the epitope residues ranged from approximately 20 fold decreases in binding affinity (e.g. Y276T) to complete loss of binding (e.g. N273A).","Purified Immunoglobulin",Fab,Monoclonal,IpaD-318,IgG1,,,"Source Antigen",Protein,"Invasin ipaD",IpaD,,,http://www.ncbi.nlm.nih.gov/protein/P18013.1,,,,,"Shigella flexneri 2a",http://purl.obolibrary.org/obo/NCBITaxon_42897,"Shigella flexneri",http://purl.obolibrary.org/obo/NCBITaxon_623
http://www.iedb.org/assay/12952745,http://www.iedb.org/reference/1038448,Literature,33711056,,"Raphaël Sierocki; Bakhos Jneid; Maria Lucia Orsini Delgado; Marc Plaisance; Bernard Maillère; Hervé Nozach; Stéphanie Simon","PLoS Negl Trop Dis",2021,"An antibody targeting type III secretion system induces broad protection against Salmonella and Shigella infections.",http://www.iedb.org/epitope/1347678,"Discontinuous peptide","L171, I178, P180, G181, V188, N273, A274, Y276, Q277, A278, W279, N280, A281","IpaD-318 epitope",,,,,,,"Invasin ipaD",http://www.ncbi.nlm.nih.gov/protein/P18013.1,"Invasin IpaD",http://www.uniprot.org/uniprot/P18013,"Shigella flexneri 2a",http://purl.obolibrary.org/obo/NCBITaxon_42897,"Shigella flexneri",http://purl.obolibrary.org/obo/NCBITaxon_623,,,,,,,,,,,,,,,,,"Mus musculus BALB/c",https://ontology.iedb.org/ontology/ONTIE_0000001,,,F,"6-8 weeks",,"Administration in vivo",,,,"Source Antigen",Protein,"Invasin ipaD",,,,http://www.ncbi.nlm.nih.gov/protein/P18013.1,,,,,"Shigella flexneri 2a",http://purl.obolibrary.org/obo/NCBITaxon_42897,"Shigella flexneri",http://purl.obolibrary.org/obo/NCBITaxon_623,,,,,,,,,,,,,,,,,,,,,,,,,,N,,"Six- to 8-week-old female BALB/c mice were immunized 3 times with recombinant IpaD (Shigella strain CIP 82.48T) either by the intranasal route (10 μg of recombinant protein with cholera toxin as adjuvant), or by the subcutaneous route (20 μg of recombinant protein with alum hydroxide as adjuvant).  The two mice presenting the highest immune response were given three intravenous booster injections of IpaD recombinant protein 2 months after the last immunization. Two days after the last boost spleens were harvested for hybridoma production.","Figure 4","binding assay","dissociation constant KD",nM,http://purl.obolibrary.org/obo/OBI_0001708,Positive,,0.422,,,,"The affinity of the epitope specific mAb for the needle tip protein, IpaD expressed on yeast cell surface, from a related Shigella species was measured by flow cytometry.","Purified Immunoglobulin",Fab,Monoclonal,IpaD-318,IgG1,,,"Taxonomic Sibling",Protein,"type III secretion system needle tip complex protein IpaD [Shigella sonnei]","S. sonnei IpaD",,,http://www.ncbi.nlm.nih.gov/protein/RIH33151.1,,,,,"Shigella sonnei",http://purl.obolibrary.org/obo/NCBITaxon_624,"Shigella sonnei",http://purl.obolibrary.org/obo/NCBITaxon_624
http://www.iedb.org/assay/12952746,http://www.iedb.org/reference/1038448,Literature,33711056,,"Raphaël Sierocki; Bakhos Jneid; Maria Lucia Orsini Delgado; Marc Plaisance; Bernard Maillère; Hervé Nozach; Stéphanie Simon","PLoS Negl Trop Dis",2021,"An antibody targeting type III secretion system induces broad protection against Salmonella and Shigella infections.",http://www.iedb.org/epitope/1347678,"Discontinuous peptide","L171, I178, P180, G181, V188, N273, A274, Y276, Q277, A278, W279, N280, A281","IpaD-318 epitope",,,,,,,"Invasin ipaD",http://www.ncbi.nlm.nih.gov/protein/P18013.1,"Invasin IpaD",http://www.uniprot.org/uniprot/P18013,"Shigella flexneri 2a",http://purl.obolibrary.org/obo/NCBITaxon_42897,"Shigella flexneri",http://purl.obolibrary.org/obo/NCBITaxon_623,,,,,,,,,,,,,,,,,"Mus musculus BALB/c",https://ontology.iedb.org/ontology/ONTIE_0000001,,,F,"6-8 weeks",,"Administration in vivo",,,,"Source Antigen",Protein,"Invasin ipaD",,,,http://www.ncbi.nlm.nih.gov/protein/P18013.1,,,,,"Shigella flexneri 2a",http://purl.obolibrary.org/obo/NCBITaxon_42897,"Shigella flexneri",http://purl.obolibrary.org/obo/NCBITaxon_623,,,,,,,,,,,,,,,,,,,,,,,,,,N,,"Six- to 8-week-old female BALB/c mice were immunized 3 times with recombinant IpaD (Shigella strain CIP 82.48T) either by the intranasal route (10 μg of recombinant protein with cholera toxin as adjuvant), or by the subcutaneous route (20 μg of recombinant protein with alum hydroxide as adjuvant).  The two mice presenting the highest immune response were given three intravenous booster injections of IpaD recombinant protein 2 months after the last immunization. Two days after the last boost spleens were harvested for hybridoma production.","Figure 4","binding assay","dissociation constant KD",nM,http://purl.obolibrary.org/obo/OBI_0001708,Positive,,0.638,,,,"The affinity of the epitope specific mAb for the needle tip protein, IpaD expressed on yeast cell surface, from a related Shigella species was measured by flow cytometry.","Purified Immunoglobulin",Fab,Monoclonal,IpaD-318,IgG1,,,"Taxonomic Sibling",Protein,"type III secretion system needle tip complex protein IpaD [Shigella dysenteriae]","S. dysenteriae IpaD",,,http://www.ncbi.nlm.nih.gov/protein/RIH44975.1,,,,,"Shigella dysenteriae",http://purl.obolibrary.org/obo/NCBITaxon_622,"Shigella dysenteriae",http://purl.obolibrary.org/obo/NCBITaxon_622
http://www.iedb.org/assay/12952747,http://www.iedb.org/reference/1038448,Literature,33711056,,"Raphaël Sierocki; Bakhos Jneid; Maria Lucia Orsini Delgado; Marc Plaisance; Bernard Maillère; Hervé Nozach; Stéphanie Simon","PLoS Negl Trop Dis",2021,"An antibody targeting type III secretion system induces broad protection against Salmonella and Shigella infections.",http://www.iedb.org/epitope/1347678,"Discontinuous peptide","L171, I178, P180, G181, V188, N273, A274, Y276, Q277, A278, W279, N280, A281","IpaD-318 epitope",,,,,,,"Invasin ipaD",http://www.ncbi.nlm.nih.gov/protein/P18013.1,"Invasin IpaD",http://www.uniprot.org/uniprot/P18013,"Shigella flexneri 2a",http://purl.obolibrary.org/obo/NCBITaxon_42897,"Shigella flexneri",http://purl.obolibrary.org/obo/NCBITaxon_623,,,,,,,,,,,,,,,,,"Mus musculus BALB/c",https://ontology.iedb.org/ontology/ONTIE_0000001,,,F,"6-8 weeks",,"Administration in vivo",,,,"Source Antigen",Protein,"Invasin ipaD",,,,http://www.ncbi.nlm.nih.gov/protein/P18013.1,,,,,"Shigella flexneri 2a",http://purl.obolibrary.org/obo/NCBITaxon_42897,"Shigella flexneri",http://purl.obolibrary.org/obo/NCBITaxon_623,,,,,,,,,,,,,,,,,,,,,,,,,,N,,"Six- to 8-week-old female BALB/c mice were immunized 3 times with recombinant IpaD (Shigella strain CIP 82.48T) either by the intranasal route (10 μg of recombinant protein with cholera toxin as adjuvant), or by the subcutaneous route (20 μg of recombinant protein with alum hydroxide as adjuvant).  The two mice presenting the highest immune response were given three intravenous booster injections of IpaD recombinant protein 2 months after the last immunization. Two days after the last boost spleens were harvested for hybridoma production.","Figure 4","binding assay","dissociation constant KD",nM,http://purl.obolibrary.org/obo/OBI_0001708,Positive,,0.507,,,,"The affinity of the epitope specific mAb for the needle tip protein expressed on yeast cell surface, SipD, from related Salmonella species S. Enteriditis was measured by flow cytometry.  S. Enteriditis, S. Paratyphi, and serovar ST313 all share the same sequence epitope.","Purified Immunoglobulin",Fab,Monoclonal,IpaD-318,IgG1,,,"Taxonomic Sibling",Protein,"SPI-1 type III secretion system needle tip complex protein SipD [Salmonella enterica subsp. enterica serovar Enteritidis]","S. enterica Enteriditis SipD",,,http://www.ncbi.nlm.nih.gov/protein/EDM7278793.1,,,,,"Salmonella enterica subsp. enterica serovar Enteritidis",http://purl.obolibrary.org/obo/NCBITaxon_149539,"Salmonella enterica",http://purl.obolibrary.org/obo/NCBITaxon_28901
http://www.iedb.org/assay/12952748,http://www.iedb.org/reference/1038448,Literature,33711056,,"Raphaël Sierocki; Bakhos Jneid; Maria Lucia Orsini Delgado; Marc Plaisance; Bernard Maillère; Hervé Nozach; Stéphanie Simon","PLoS Negl Trop Dis",2021,"An antibody targeting type III secretion system induces broad protection against Salmonella and Shigella infections.",http://www.iedb.org/epitope/1347678,"Discontinuous peptide","L171, I178, P180, G181, V188, N273, A274, Y276, Q277, A278, W279, N280, A281","IpaD-318 epitope",,,,,,,"Invasin ipaD",http://www.ncbi.nlm.nih.gov/protein/P18013.1,"Invasin IpaD",http://www.uniprot.org/uniprot/P18013,"Shigella flexneri 2a",http://purl.obolibrary.org/obo/NCBITaxon_42897,"Shigella flexneri",http://purl.obolibrary.org/obo/NCBITaxon_623,,,,,,,,,,,,,,,,,"Mus musculus BALB/c",https://ontology.iedb.org/ontology/ONTIE_0000001,,,F,"6-8 weeks",,"Administration in vivo",,,,"Source Antigen",Protein,"Invasin ipaD",,,,http://www.ncbi.nlm.nih.gov/protein/P18013.1,,,,,"Shigella flexneri 2a",http://purl.obolibrary.org/obo/NCBITaxon_42897,"Shigella flexneri",http://purl.obolibrary.org/obo/NCBITaxon_623,,,,,,,,,,,,,,,,,,,,,,,,,,N,,"Six- to 8-week-old female BALB/c mice were immunized 3 times with recombinant IpaD (Shigella strain CIP 82.48T) either by the intranasal route (10 μg of recombinant protein with cholera toxin as adjuvant), or by the subcutaneous route (20 μg of recombinant protein with alum hydroxide as adjuvant).  The two mice presenting the highest immune response were given three intravenous booster injections of IpaD recombinant protein 2 months after the last immunization. Two days after the last boost spleens were harvested for hybridoma production.","Figure 4","binding assay","dissociation constant KD",nM,http://purl.obolibrary.org/obo/OBI_0001708,Positive,,0.582,,,,"The affinity of the epitope specific mAb for the needle tip protein expressed on yeast cell surface, SipD, from a related Salmonella species was measured by flow cytometry.","Purified Immunoglobulin",Fab,Monoclonal,IpaD-318,IgG1,,,"Taxonomic Sibling",Protein,"SPI-1 type III secretion system needle tip complex protein SipD [Salmonella enterica]","S. enterica Typhi SipD",,,http://www.ncbi.nlm.nih.gov/protein/WP_057509374.1,,,,,"Salmonella enterica subsp. enterica serovar Typhi",http://purl.obolibrary.org/obo/NCBITaxon_90370,"Salmonella enterica",http://purl.obolibrary.org/obo/NCBITaxon_28901
http://www.iedb.org/assay/12952749,http://www.iedb.org/reference/1038448,Literature,33711056,,"Raphaël Sierocki; Bakhos Jneid; Maria Lucia Orsini Delgado; Marc Plaisance; Bernard Maillère; Hervé Nozach; Stéphanie Simon","PLoS Negl Trop Dis",2021,"An antibody targeting type III secretion system induces broad protection against Salmonella and Shigella infections.",http://www.iedb.org/epitope/1347678,"Discontinuous peptide","L171, I178, P180, G181, V188, N273, A274, Y276, Q277, A278, W279, N280, A281","IpaD-318 epitope",,,,,,,"Invasin ipaD",http://www.ncbi.nlm.nih.gov/protein/P18013.1,"Invasin IpaD",http://www.uniprot.org/uniprot/P18013,"Shigella flexneri 2a",http://purl.obolibrary.org/obo/NCBITaxon_42897,"Shigella flexneri",http://purl.obolibrary.org/obo/NCBITaxon_623,,,,,,,,,,,,,,,,,"Mus musculus BALB/c",https://ontology.iedb.org/ontology/ONTIE_0000001,,,F,"6-8 weeks",,"Administration in vivo",,,,"Source Antigen",Protein,"Invasin ipaD",,,,http://www.ncbi.nlm.nih.gov/protein/P18013.1,,,,,"Shigella flexneri 2a",http://purl.obolibrary.org/obo/NCBITaxon_42897,"Shigella flexneri",http://purl.obolibrary.org/obo/NCBITaxon_623,,,,,,,,,,,,,,,,,,,,,,,,,,N,,"Six- to 8-week-old female BALB/c mice were immunized 3 times with recombinant IpaD (Shigella strain CIP 82.48T) either by the intranasal route (10 μg of recombinant protein with cholera toxin as adjuvant), or by the subcutaneous route (20 μg of recombinant protein with alum hydroxide as adjuvant).  The two mice presenting the highest immune response were given three intravenous booster injections of IpaD recombinant protein 2 months after the last immunization. Two days after the last boost spleens were harvested for hybridoma production.","Figure 4","binding assay","dissociation constant KD",nM,http://purl.obolibrary.org/obo/OBI_0001708,Positive,,0.469,,,,"The affinity of the epitope specific mAb for the needle tip protein, SipD expressed on yeast cell surface, from Salmonella enterica serovar Typhimurium was measured by flow cytometry.","Purified Immunoglobulin","Entire Antibody",Monoclonal,IpaD-318,IgG1,,,"Taxonomic Sibling",Protein,"Cell invasion protein SipD","S. enterica Typhimurium SipD",,,https://www.uniprot.org/uniprot/Q56026,,,,,"Salmonella enterica subsp. enterica serovar Typhimurium",http://purl.obolibrary.org/obo/NCBITaxon_90371,"Salmonella enterica",http://purl.obolibrary.org/obo/NCBITaxon_28901
http://www.iedb.org/assay/12952751,http://www.iedb.org/reference/1038448,Literature,33711056,,"Raphaël Sierocki; Bakhos Jneid; Maria Lucia Orsini Delgado; Marc Plaisance; Bernard Maillère; Hervé Nozach; Stéphanie Simon","PLoS Negl Trop Dis",2021,"An antibody targeting type III secretion system induces broad protection against Salmonella and Shigella infections.",http://www.iedb.org/epitope/1347678,"Discontinuous peptide","L171, I178, P180, G181, V188, N273, A274, Y276, Q277, A278, W279, N280, A281","IpaD-318 epitope",,,,,,,"Invasin ipaD",http://www.ncbi.nlm.nih.gov/protein/P18013.1,"Invasin IpaD",http://www.uniprot.org/uniprot/P18013,"Shigella flexneri 2a",http://purl.obolibrary.org/obo/NCBITaxon_42897,"Shigella flexneri",http://purl.obolibrary.org/obo/NCBITaxon_623,,,,,,,,,,,,,,,,,"Mus musculus BALB/c",https://ontology.iedb.org/ontology/ONTIE_0000001,,,F,"6-8 weeks",,"Administration in vivo",,,,"Source Antigen",Protein,"Invasin ipaD",,,,http://www.ncbi.nlm.nih.gov/protein/P18013.1,,,,,"Shigella flexneri 2a",http://purl.obolibrary.org/obo/NCBITaxon_42897,"Shigella flexneri",http://purl.obolibrary.org/obo/NCBITaxon_623,,,,,,,,,,,,,,,,,,,,,,,,,,Y,"Animals were administered 300 µg of epitope specific mAb i.p. 24 hours before or 24 hours after (at symptom onset) intranasal challenge with 100 LD50 of S. flexneri 2a.","Six- to 8-week-old female BALB/c mice were immunized 3 times with recombinant IpaD (Shigella strain CIP 82.48T) either by the intranasal route (10 μg of recombinant protein with cholera toxin as adjuvant), or by the subcutaneous route (20 μg of recombinant protein with alum hydroxide as adjuvant).  The two mice presenting the highest immune response were given three intravenous booster injections of IpaD recombinant protein 2 months after the last immunization. Two days after the last boost spleens were harvested for hybridoma production.","Figures 1 and S3","in vivo assay","survival after pathogen challenge after adoptive transfer",,http://purl.obolibrary.org/obo/OBI_0003476,Positive,,,10,5,50,"Prophylactic administration of the epitope specific mAb resulted in increased survival of animals infected with S. flexneri.  Administration of the mAb after symptom onset did not result in significant protection.","Purified Immunoglobulin",Fab,Monoclonal,IpaD-318,IgG1,,,"Source Organism",Organism,"Shigella flexneri 2a",,,,,,,,,"Shigella flexneri 2a",http://purl.obolibrary.org/obo/NCBITaxon_42897,"Shigella flexneri",http://purl.obolibrary.org/obo/NCBITaxon_623
http://www.iedb.org/assay/12952755,http://www.iedb.org/reference/1038448,Literature,33711056,,"Raphaël Sierocki; Bakhos Jneid; Maria Lucia Orsini Delgado; Marc Plaisance; Bernard Maillère; Hervé Nozach; Stéphanie Simon","PLoS Negl Trop Dis",2021,"An antibody targeting type III secretion system induces broad protection against Salmonella and Shigella infections.",http://www.iedb.org/epitope/1347678,"Discontinuous peptide","L171, I178, P180, G181, V188, N273, A274, Y276, Q277, A278, W279, N280, A281","IpaD-318 epitope",,,,,,,"Invasin ipaD",http://www.ncbi.nlm.nih.gov/protein/P18013.1,"Invasin IpaD",http://www.uniprot.org/uniprot/P18013,"Shigella flexneri 2a",http://purl.obolibrary.org/obo/NCBITaxon_42897,"Shigella flexneri",http://purl.obolibrary.org/obo/NCBITaxon_623,,,,,,,,,,,,,,,,,"Mus musculus BALB/c",https://ontology.iedb.org/ontology/ONTIE_0000001,,,F,"6-8 weeks",,"Administration in vivo",,,,"Source Antigen",Protein,"Invasin ipaD",,,,http://www.ncbi.nlm.nih.gov/protein/P18013.1,,,,,"Shigella flexneri 2a",http://purl.obolibrary.org/obo/NCBITaxon_42897,"Shigella flexneri",http://purl.obolibrary.org/obo/NCBITaxon_623,,,,,,,,,,,,,,,,,,,,,,,,,,Y,"Animals were administered 300 µg of epitope specific mAb i.p. 24 hours before or 5 days after (at symptom onset) intragastric challenge with 100 LD50 of S. Typhimurium.","Six- to 8-week-old female BALB/c mice were immunized 3 times with recombinant IpaD (Shigella strain CIP 82.48T) either by the intranasal route (10 μg of recombinant protein with cholera toxin as adjuvant), or by the subcutaneous route (20 μg of recombinant protein with alum hydroxide as adjuvant).  The two mice presenting the highest immune response were given three intravenous booster injections of IpaD recombinant protein 2 months after the last immunization. Two days after the last boost spleens were harvested for hybridoma production.","Figure 1 and S1 Text","in vivo assay","survival after pathogen challenge after adoptive transfer",,http://purl.obolibrary.org/obo/OBI_0003476,Positive,,,10,4,40,"Prophylactic administration of the epitope specific mAb resulted in increased survival of animals infected with S. Typhimurium.  Administration of the mAb after symptom onset did not result in significant protection.","Purified Immunoglobulin",Fab,Monoclonal,IpaD-318,IgG1,,,"Taxonomic Sibling",Organism,"Salmonella enterica subsp. enterica serovar Typhimurium",,,,,,,,,"Salmonella enterica subsp. enterica serovar Typhimurium",http://purl.obolibrary.org/obo/NCBITaxon_90371,"Salmonella enterica",http://purl.obolibrary.org/obo/NCBITaxon_28901
http://www.iedb.org/assay/12952756,http://www.iedb.org/reference/1038448,Literature,33711056,,"Raphaël Sierocki; Bakhos Jneid; Maria Lucia Orsini Delgado; Marc Plaisance; Bernard Maillère; Hervé Nozach; Stéphanie Simon","PLoS Negl Trop Dis",2021,"An antibody targeting type III secretion system induces broad protection against Salmonella and Shigella infections.",http://www.iedb.org/epitope/1347678,"Discontinuous peptide","L171, I178, P180, G181, V188, N273, A274, Y276, Q277, A278, W279, N280, A281","IpaD-318 epitope",,,,,,,"Invasin ipaD",http://www.ncbi.nlm.nih.gov/protein/P18013.1,"Invasin IpaD",http://www.uniprot.org/uniprot/P18013,"Shigella flexneri 2a",http://purl.obolibrary.org/obo/NCBITaxon_42897,"Shigella flexneri",http://purl.obolibrary.org/obo/NCBITaxon_623,,,,,,,,,,,,,,,,,"Mus musculus BALB/c",https://ontology.iedb.org/ontology/ONTIE_0000001,,,F,"6-8 weeks",,"Administration in vivo",,,,"Source Antigen",Protein,"Invasin ipaD",,,,http://www.ncbi.nlm.nih.gov/protein/P18013.1,,,,,"Shigella flexneri 2a",http://purl.obolibrary.org/obo/NCBITaxon_42897,"Shigella flexneri",http://purl.obolibrary.org/obo/NCBITaxon_623,,,,,,,,,,,,,,,,,,,,,,,,,,N,,"Six- to 8-week-old female BALB/c mice were immunized 3 times with recombinant IpaD (Shigella strain CIP 82.48T) either by the intranasal route (10 μg of recombinant protein with cholera toxin as adjuvant), or by the subcutaneous route (20 μg of recombinant protein with alum hydroxide as adjuvant).  The two mice presenting the highest immune response were given three intravenous booster injections of IpaD recombinant protein 2 months after the last immunization. Two days after the last boost spleens were harvested for hybridoma production.","Figure 2","biological activity",neutralization,,http://purl.obolibrary.org/obo/OBI_0001643,Positive,,,,,,"The epitope specific mAb displayed neutralizing activity against cellular invasion of HeLa cells by S. flexneri, but does not neutralize the hemolytic activity of the bacteria.","Purified Immunoglobulin",Fab,Monoclonal,IpaD-318,IgG1,,,"Source Organism",Organism,"Shigella flexneri 2a",,,,,,,,,"Shigella flexneri 2a",http://purl.obolibrary.org/obo/NCBITaxon_42897,"Shigella flexneri",http://purl.obolibrary.org/obo/NCBITaxon_623
http://www.iedb.org/assay/22907755,http://www.iedb.org/reference/1044340,Literature,34496256,,"Tri Nguyen; Angelene F Richards; Durga P Neupane; J Ryan Feathers; Yi-An Yang; Ji Hyun Sim; Haewon Byun; Sohyoung Lee; Changhwan Ahn; Greta Van Slyke; J Christopher Fromme; Nicholas J Mantis; Jeongmin Song","Cell Rep",2021,"The structural basis of Salmonella A&lt;sub&gt;2&lt;/sub&gt;B&lt;sub&gt;5&lt;/sub&gt; toxin neutralization by antibodies targeting the glycan-receptor binding subunits.",http://www.iedb.org/epitope/2265525,"Discontinuous peptide","E24, I47, D48, K74, Q75, S76, I77, Q104, K105, N106, I107, W108, T109, Y110, P111","Epitope of TyTx4 Fab on PltB",,,,,,,"typhoid-like toxin S-CDT binding subunit PltB [Salmonella enterica subsp. enterica serovar Typhi]",http://www.ncbi.nlm.nih.gov/protein/QZA30671.1,"asparagine synthase (glutamine-hydrolyzing)",http://www.uniprot.org/uniprot/A0A0H3N8Z2,"Salmonella enterica subsp. enterica serovar Typhi",http://purl.obolibrary.org/obo/NCBITaxon_90370,"Salmonella enterica",http://purl.obolibrary.org/obo/NCBITaxon_28901,"The epitope residues were calculated from [PDB: 7K7I] as the antigen residues at 4Å atomic distance from the antibody.",,,,,,,,,,,,,,,,"Mus musculus BALB/c",https://ontology.iedb.org/ontology/ONTIE_0000001,,,F,"5-7 weeks",,"Administration in vivo",,,,"Source Antigen",Protein,"typhoid-like toxin S-CDT binding subunit PltB [Salmonella enterica subsp. enterica serovar Typhi]","typhoid toxin A2B5",,,http://www.ncbi.nlm.nih.gov/protein/QZA30671.1,,,,,"Salmonella enterica subsp. enterica serovar Typhi",http://purl.obolibrary.org/obo/NCBITaxon_90370,"Salmonella enterica",http://purl.obolibrary.org/obo/NCBITaxon_28901,,intraperitoneal,"Multiple doses of 2 µg typhoid toxoid at two-week intervals",,,,,,,,,,,,,,,,,,,,,,,N,,"Mice were immunized with 2 µg of recombinant typhoid toxoid without adjuvant at two-week intervals. Genetically engineered inactive forms of typhoid toxin, carrying all three subunits PltB5, PltA, and CdtB were used. Splenocytes were fused with Sp2/0-Ag14 myeloma cells. Hybridoma clones were selected upon a positive reaction against typhoid toxoid via direct ELISAs and cloned by limiting dilution.","Figures 3, S6, Table S1 and PDB 7K7I","electron microscopy","3D structure",,http://purl.obolibrary.org/obo/OBI_0001646,Positive,,,,,,"The epitope of TyTx4 Fab on typhoid toxin was determined from the cryo-EM reconstruction of the Fab in complex with the PltB pentamer of typhoid toxin at a resolution of 3.13 Å.","Purified Immunoglobulin",Fab,Monoclonal,TyTx4,IgG2a,Kappa,7K7I,"Source Antigen",Protein,"typhoid-like toxin S-CDT binding subunit PltB [Salmonella enterica subsp. enterica serovar Typhi]",,,,http://www.ncbi.nlm.nih.gov/protein/QZA30671.1,,,,,"Salmonella enterica subsp. enterica serovar Typhi",http://purl.obolibrary.org/obo/NCBITaxon_90370,"Salmonella enterica",http://purl.obolibrary.org/obo/NCBITaxon_28901
http://www.iedb.org/assay/22907757,http://www.iedb.org/reference/1044340,Literature,34496256,,"Tri Nguyen; Angelene F Richards; Durga P Neupane; J Ryan Feathers; Yi-An Yang; Ji Hyun Sim; Haewon Byun; Sohyoung Lee; Changhwan Ahn; Greta Van Slyke; J Christopher Fromme; Nicholas J Mantis; Jeongmin Song","Cell Rep",2021,"The structural basis of Salmonella A&lt;sub&gt;2&lt;/sub&gt;B&lt;sub&gt;5&lt;/sub&gt; toxin neutralization by antibodies targeting the glycan-receptor binding subunits.",http://www.iedb.org/epitope/2265526,"Discontinuous peptide","Y33, Y34, S35, D36, K59, N61, G62, S63, G64, C128, S129, A130, T131, Q132","Epitope of TyTx1 Fab on PltB",,,,,,,"typhoid-like toxin S-CDT binding subunit PltB [Salmonella enterica subsp. enterica serovar Typhi]",http://www.ncbi.nlm.nih.gov/protein/QZA30671.1,"asparagine synthase (glutamine-hydrolyzing)",http://www.uniprot.org/uniprot/A0A0H3N8Z2,"Salmonella enterica subsp. enterica serovar Typhi",http://purl.obolibrary.org/obo/NCBITaxon_90370,"Salmonella enterica",http://purl.obolibrary.org/obo/NCBITaxon_28901,"The epitope residues were calculated from [PDB: 7K7H] as the antigen residues at 4Å atomic distance from the antibody.",,,,,,,,,,,,,,,,"Mus musculus BALB/c",https://ontology.iedb.org/ontology/ONTIE_0000001,,,F,"5-7 weeks",,"Administration in vivo",,,,"Source Antigen",Protein,"typhoid-like toxin S-CDT binding subunit PltB [Salmonella enterica subsp. enterica serovar Typhi]","typhoid toxin A2B5",,,http://www.ncbi.nlm.nih.gov/protein/QZA30671.1,,,,,"Salmonella enterica subsp. enterica serovar Typhi",http://purl.obolibrary.org/obo/NCBITaxon_90370,"Salmonella enterica",http://purl.obolibrary.org/obo/NCBITaxon_28901,,intraperitoneal,"Multiple doses of 2 µg typhoid toxoid at two-week intervals",,,,,,,,,,,,,,,,,,,,,,,N,,"Mice were immunized with 2 µg of recombinant typhoid toxoid without adjuvant at two-week intervals. Genetically engineered inactive forms of typhoid toxin, carrying all three subunits PltB5, PltA, and CdtB were used. Splenocytes were fused with Sp2/0-Ag14 myeloma cells. Hybridoma clones were selected upon a positive reaction against typhoid toxoid via direct ELISAs and cloned by limiting dilution.","Figures 2, S4, Table S1 and PDB 7K7H","electron microscopy","3D structure",,http://purl.obolibrary.org/obo/OBI_0001646,Positive,,,,,,"The epitope of TyTx1 Fab on typhoid toxin was determined from the cryo-EM reconstruction of the Fab in complex with the PltB pentamer of typhoid toxin at a resolution of 3.0 Å.","Purified Immunoglobulin",Fab,Monoclonal,TyTx1,IgG1,Kappa,7K7H,"Source Antigen",Protein,"typhoid-like toxin S-CDT binding subunit PltB [Salmonella enterica subsp. enterica serovar Typhi]",,,,http://www.ncbi.nlm.nih.gov/protein/QZA30671.1,,,,,"Salmonella enterica subsp. enterica serovar Typhi",http://purl.obolibrary.org/obo/NCBITaxon_90370,"Salmonella enterica",http://purl.obolibrary.org/obo/NCBITaxon_28901
http://www.iedb.org/assay/22907761,http://www.iedb.org/reference/1044340,Literature,34496256,,"Tri Nguyen; Angelene F Richards; Durga P Neupane; J Ryan Feathers; Yi-An Yang; Ji Hyun Sim; Haewon Byun; Sohyoung Lee; Changhwan Ahn; Greta Van Slyke; J Christopher Fromme; Nicholas J Mantis; Jeongmin Song","Cell Rep",2021,"The structural basis of Salmonella A&lt;sub&gt;2&lt;/sub&gt;B&lt;sub&gt;5&lt;/sub&gt; toxin neutralization by antibodies targeting the glycan-receptor binding subunits.",http://www.iedb.org/epitope/2265526,"Discontinuous peptide","Y33, Y34, S35, D36, K59, N61, G62, S63, G64, C128, S129, A130, T131, Q132","Epitope of TyTx1 Fab on PltB",,,,,,,"typhoid-like toxin S-CDT binding subunit PltB [Salmonella enterica subsp. enterica serovar Typhi]",http://www.ncbi.nlm.nih.gov/protein/QZA30671.1,"asparagine synthase (glutamine-hydrolyzing)",http://www.uniprot.org/uniprot/A0A0H3N8Z2,"Salmonella enterica subsp. enterica serovar Typhi",http://purl.obolibrary.org/obo/NCBITaxon_90370,"Salmonella enterica",http://purl.obolibrary.org/obo/NCBITaxon_28901,"The epitope residues were calculated from [PDB: 7K7H] as the antigen residues at 4Å atomic distance from the antibody.",,,,,,,,,,,,,,,,"Mus musculus BALB/c",https://ontology.iedb.org/ontology/ONTIE_0000001,,,F,"5-7 weeks",,"Administration in vivo",,,,"Source Antigen",Protein,"typhoid-like toxin S-CDT binding subunit PltB [Salmonella enterica subsp. enterica serovar Typhi]","typhoid toxin A2B5",,,http://www.ncbi.nlm.nih.gov/protein/QZA30671.1,,,,,"Salmonella enterica subsp. enterica serovar Typhi",http://purl.obolibrary.org/obo/NCBITaxon_90370,"Salmonella enterica",http://purl.obolibrary.org/obo/NCBITaxon_28901,,intraperitoneal,"Multiple doses of 2 µg typhoid toxoid at two-week intervals",,,,,,,,,,,,,,,,,,,,,,,N,,"Mice were immunized with 2 µg of recombinant typhoid toxoid without adjuvant at two-week intervals. Genetically engineered inactive forms of typhoid toxin, carrying all three subunits PltB5, PltA, and CdtB were used. Splenocytes were fused with Sp2/0-Ag14 myeloma cells. Hybridoma clones were selected upon a positive reaction against typhoid toxoid via direct ELISAs and cloned by limiting dilution.","Figure 1","biological activity",neutralization,,http://purl.obolibrary.org/obo/OBI_0001643,Positive-Intermediate,,,,,,"The epitope-specific mAb TyTx1 modestly inhibited typhoid toxin binding to Henle-407 cells. The mAb also modestly blocked typhoid toxin-induced host cell cycle arrest in G2/M, using Jurkat cells.","Purified Immunoglobulin","Entire Antibody",Monoclonal,TyTx1,IgG1,Kappa,,"Source Antigen",Protein,"typhoid-like toxin S-CDT binding subunit PltB [Salmonella enterica subsp. enterica serovar Typhi]",,,,http://www.ncbi.nlm.nih.gov/protein/QZA30671.1,,,,,"Salmonella enterica subsp. enterica serovar Typhi",http://purl.obolibrary.org/obo/NCBITaxon_90370,"Salmonella enterica",http://purl.obolibrary.org/obo/NCBITaxon_28901
http://www.iedb.org/assay/22907763,http://www.iedb.org/reference/1044340,Literature,34496256,,"Tri Nguyen; Angelene F Richards; Durga P Neupane; J Ryan Feathers; Yi-An Yang; Ji Hyun Sim; Haewon Byun; Sohyoung Lee; Changhwan Ahn; Greta Van Slyke; J Christopher Fromme; Nicholas J Mantis; Jeongmin Song","Cell Rep",2021,"The structural basis of Salmonella A&lt;sub&gt;2&lt;/sub&gt;B&lt;sub&gt;5&lt;/sub&gt; toxin neutralization by antibodies targeting the glycan-receptor binding subunits.",http://www.iedb.org/epitope/2265526,"Discontinuous peptide","Y33, Y34, S35, D36, K59, N61, G62, S63, G64, C128, S129, A130, T131, Q132","Epitope of TyTx1 Fab on PltB",,,,,,,"typhoid-like toxin S-CDT binding subunit PltB [Salmonella enterica subsp. enterica serovar Typhi]",http://www.ncbi.nlm.nih.gov/protein/QZA30671.1,"asparagine synthase (glutamine-hydrolyzing)",http://www.uniprot.org/uniprot/A0A0H3N8Z2,"Salmonella enterica subsp. enterica serovar Typhi",http://purl.obolibrary.org/obo/NCBITaxon_90370,"Salmonella enterica",http://purl.obolibrary.org/obo/NCBITaxon_28901,"The epitope residues were calculated from [PDB: 7K7H] as the antigen residues at 4Å atomic distance from the antibody.",,,,,,,,,,,,,,,,"Mus musculus BALB/c",https://ontology.iedb.org/ontology/ONTIE_0000001,,,F,"5-7 weeks",,"Administration in vivo",,,,"Source Antigen",Protein,"typhoid-like toxin S-CDT binding subunit PltB [Salmonella enterica subsp. enterica serovar Typhi]","typhoid toxin A2B5",,,http://www.ncbi.nlm.nih.gov/protein/QZA30671.1,,,,,"Salmonella enterica subsp. enterica serovar Typhi",http://purl.obolibrary.org/obo/NCBITaxon_90370,"Salmonella enterica",http://purl.obolibrary.org/obo/NCBITaxon_28901,,intraperitoneal,"Multiple doses of 2 µg typhoid toxoid at two-week intervals",,,,,,,,,,,,,,,,,,,,,,,N,,"Mice were immunized with 2 µg of recombinant typhoid toxoid without adjuvant at two-week intervals. Genetically engineered inactive forms of typhoid toxin, carrying all three subunits PltB5, PltA, and CdtB were used. Splenocytes were fused with Sp2/0-Ag14 myeloma cells. Hybridoma clones were selected upon a positive reaction against typhoid toxoid via direct ELISAs and cloned by limiting dilution.","Figure 4 and S1",chromatography,"qualitative binding",,http://purl.obolibrary.org/obo/OBI_0001661,Positive,,,,,,"The binding of epitope-specific TyTx1 Fab to typhoid toxin was analyzed by size-exclusion chromatography (SEC). The results indicate that TyTx1 Fab bound to the toxin in a ratio of 1-2 TyTx1 Fab molecules to 1 typhoid toxin molecule. Using pentameric PltB subunits without the A subunits, a ratio of 1 PltB pentamer and 3-5 TyTx1 Fab molecules was observed.","Purified Immunoglobulin",Fab,Monoclonal,TyTx1,IgG1,Kappa,,"Source Antigen",Protein,"typhoid-like toxin S-CDT binding subunit PltB [Salmonella enterica subsp. enterica serovar Typhi]",,,,http://www.ncbi.nlm.nih.gov/protein/QZA30671.1,,,,,"Salmonella enterica subsp. enterica serovar Typhi",http://purl.obolibrary.org/obo/NCBITaxon_90370,"Salmonella enterica",http://purl.obolibrary.org/obo/NCBITaxon_28901
http://www.iedb.org/assay/22907764,http://www.iedb.org/reference/1044340,Literature,34496256,,"Tri Nguyen; Angelene F Richards; Durga P Neupane; J Ryan Feathers; Yi-An Yang; Ji Hyun Sim; Haewon Byun; Sohyoung Lee; Changhwan Ahn; Greta Van Slyke; J Christopher Fromme; Nicholas J Mantis; Jeongmin Song","Cell Rep",2021,"The structural basis of Salmonella A&lt;sub&gt;2&lt;/sub&gt;B&lt;sub&gt;5&lt;/sub&gt; toxin neutralization by antibodies targeting the glycan-receptor binding subunits.",http://www.iedb.org/epitope/2265525,"Discontinuous peptide","E24, I47, D48, K74, Q75, S76, I77, Q104, K105, N106, I107, W108, T109, Y110, P111","Epitope of TyTx4 Fab on PltB",,,,,,,"typhoid-like toxin S-CDT binding subunit PltB [Salmonella enterica subsp. enterica serovar Typhi]",http://www.ncbi.nlm.nih.gov/protein/QZA30671.1,"asparagine synthase (glutamine-hydrolyzing)",http://www.uniprot.org/uniprot/A0A0H3N8Z2,"Salmonella enterica subsp. enterica serovar Typhi",http://purl.obolibrary.org/obo/NCBITaxon_90370,"Salmonella enterica",http://purl.obolibrary.org/obo/NCBITaxon_28901,"The epitope residues were calculated from [PDB: 7K7I] as the antigen residues at 4Å atomic distance from the antibody.",,,,,,,,,,,,,,,,"Mus musculus BALB/c",https://ontology.iedb.org/ontology/ONTIE_0000001,,,F,"5-7 weeks",,"Administration in vivo",,,,"Source Antigen",Protein,"typhoid-like toxin S-CDT binding subunit PltB [Salmonella enterica subsp. enterica serovar Typhi]","typhoid toxin A2B5",,,http://www.ncbi.nlm.nih.gov/protein/QZA30671.1,,,,,"Salmonella enterica subsp. enterica serovar Typhi",http://purl.obolibrary.org/obo/NCBITaxon_90370,"Salmonella enterica",http://purl.obolibrary.org/obo/NCBITaxon_28901,,intraperitoneal,"Multiple doses of 2 µg typhoid toxoid at two-week intervals",,,,,,,,,,,,,,,,,,,,,,,N,,"Mice were immunized with 2 µg of recombinant typhoid toxoid without adjuvant at two-week intervals. Genetically engineered inactive forms of typhoid toxin, carrying all three subunits PltB5, PltA, and CdtB were used. Splenocytes were fused with Sp2/0-Ag14 myeloma cells. Hybridoma clones were selected upon a positive reaction against typhoid toxoid via direct ELISAs and cloned by limiting dilution.","Figure 1","biological activity",neutralization,,http://purl.obolibrary.org/obo/OBI_0001643,Positive-High,,,,,,"The epitope-specific mAb TyTx4 stronglyly inhibited typhoid toxin binding to Henle-407 cells. The mAb also strongly blocked typhoid toxin-induced host cell cycle arrest in G2/M, using Jurkat cells.","Purified Immunoglobulin","Entire Antibody",Monoclonal,TyTx4,IgG2a,Kappa,,"Source Antigen",Protein,"typhoid-like toxin S-CDT binding subunit PltB [Salmonella enterica subsp. enterica serovar Typhi]",,,,http://www.ncbi.nlm.nih.gov/protein/QZA30671.1,,,,,"Salmonella enterica subsp. enterica serovar Typhi",http://purl.obolibrary.org/obo/NCBITaxon_90370,"Salmonella enterica",http://purl.obolibrary.org/obo/NCBITaxon_28901
http://www.iedb.org/assay/22907765,http://www.iedb.org/reference/1044340,Literature,34496256,,"Tri Nguyen; Angelene F Richards; Durga P Neupane; J Ryan Feathers; Yi-An Yang; Ji Hyun Sim; Haewon Byun; Sohyoung Lee; Changhwan Ahn; Greta Van Slyke; J Christopher Fromme; Nicholas J Mantis; Jeongmin Song","Cell Rep",2021,"The structural basis of Salmonella A&lt;sub&gt;2&lt;/sub&gt;B&lt;sub&gt;5&lt;/sub&gt; toxin neutralization by antibodies targeting the glycan-receptor binding subunits.",http://www.iedb.org/epitope/2265525,"Discontinuous peptide","E24, I47, D48, K74, Q75, S76, I77, Q104, K105, N106, I107, W108, T109, Y110, P111","Epitope of TyTx4 Fab on PltB",,,,,,,"typhoid-like toxin S-CDT binding subunit PltB [Salmonella enterica subsp. enterica serovar Typhi]",http://www.ncbi.nlm.nih.gov/protein/QZA30671.1,"asparagine synthase (glutamine-hydrolyzing)",http://www.uniprot.org/uniprot/A0A0H3N8Z2,"Salmonella enterica subsp. enterica serovar Typhi",http://purl.obolibrary.org/obo/NCBITaxon_90370,"Salmonella enterica",http://purl.obolibrary.org/obo/NCBITaxon_28901,"The epitope residues were calculated from [PDB: 7K7I] as the antigen residues at 4Å atomic distance from the antibody.",,,,,,,,,,,,,,,,"Mus musculus BALB/c",https://ontology.iedb.org/ontology/ONTIE_0000001,,,F,"5-7 weeks",,"Administration in vivo",,,,"Source Antigen",Protein,"typhoid-like toxin S-CDT binding subunit PltB [Salmonella enterica subsp. enterica serovar Typhi]","typhoid toxin A2B5",,,http://www.ncbi.nlm.nih.gov/protein/QZA30671.1,,,,,"Salmonella enterica subsp. enterica serovar Typhi",http://purl.obolibrary.org/obo/NCBITaxon_90370,"Salmonella enterica",http://purl.obolibrary.org/obo/NCBITaxon_28901,,intraperitoneal,"Multiple doses of 2 µg typhoid toxoid at two-week intervals",,,,,,,,,,,,,,,,,,,,,,,N,,"Mice were immunized with 2 µg of recombinant typhoid toxoid without adjuvant at two-week intervals. Genetically engineered inactive forms of typhoid toxin, carrying all three subunits PltB5, PltA, and CdtB were used. Splenocytes were fused with Sp2/0-Ag14 myeloma cells. Hybridoma clones were selected upon a positive reaction against typhoid toxoid via direct ELISAs and cloned by limiting dilution.","Figure 4 and S1",chromatography,"qualitative binding",,http://purl.obolibrary.org/obo/OBI_0001661,Positive,,,,,,"The binding of epitope-specific TyTx4 Fab to typhoid toxin was analyzed by size-exclusion chromatography (SEC). The results indicate that TyTx4 Fab bound to the toxin in a ratio of 4-5 TyTx4 Fab molecules to 1 typhoid toxin molecule. Using pentameric PltB subunits without the A subunits, a ratio of 1 PltB pentamer and 4-5 TyTx4 Fab molecules was observed.","Purified Immunoglobulin",Fab,Monoclonal,TyTx4,IgG2a,Kappa,,"Source Antigen",Protein,"typhoid-like toxin S-CDT binding subunit PltB [Salmonella enterica subsp. enterica serovar Typhi]",,,,http://www.ncbi.nlm.nih.gov/protein/QZA30671.1,,,,,"Salmonella enterica subsp. enterica serovar Typhi",http://purl.obolibrary.org/obo/NCBITaxon_90370,"Salmonella enterica",http://purl.obolibrary.org/obo/NCBITaxon_28901
http://www.iedb.org/assay/22907767,http://www.iedb.org/reference/1044340,Literature,34496256,,"Tri Nguyen; Angelene F Richards; Durga P Neupane; J Ryan Feathers; Yi-An Yang; Ji Hyun Sim; Haewon Byun; Sohyoung Lee; Changhwan Ahn; Greta Van Slyke; J Christopher Fromme; Nicholas J Mantis; Jeongmin Song","Cell Rep",2021,"The structural basis of Salmonella A&lt;sub&gt;2&lt;/sub&gt;B&lt;sub&gt;5&lt;/sub&gt; toxin neutralization by antibodies targeting the glycan-receptor binding subunits.",http://www.iedb.org/epitope/2265526,"Discontinuous peptide","Y33, Y34, S35, D36, K59, N61, G62, S63, G64, C128, S129, A130, T131, Q132","Epitope of TyTx1 Fab on PltB",,,,,,,"typhoid-like toxin S-CDT binding subunit PltB [Salmonella enterica subsp. enterica serovar Typhi]",http://www.ncbi.nlm.nih.gov/protein/QZA30671.1,"asparagine synthase (glutamine-hydrolyzing)",http://www.uniprot.org/uniprot/A0A0H3N8Z2,"Salmonella enterica subsp. enterica serovar Typhi",http://purl.obolibrary.org/obo/NCBITaxon_90370,"Salmonella enterica",http://purl.obolibrary.org/obo/NCBITaxon_28901,"The epitope residues were calculated from [PDB: 7K7H] as the antigen residues at 4Å atomic distance from the antibody.",,,,,,,,,,,,,,,,"Mus musculus BALB/c",https://ontology.iedb.org/ontology/ONTIE_0000001,,,F,"5-7 weeks",,"Administration in vivo",,,,"Source Antigen",Protein,"typhoid-like toxin S-CDT binding subunit PltB [Salmonella enterica subsp. enterica serovar Typhi]","typhoid toxin A2B5",,,http://www.ncbi.nlm.nih.gov/protein/QZA30671.1,,,,,"Salmonella enterica subsp. enterica serovar Typhi",http://purl.obolibrary.org/obo/NCBITaxon_90370,"Salmonella enterica",http://purl.obolibrary.org/obo/NCBITaxon_28901,,intraperitoneal,"Multiple doses of 2 µg typhoid toxoid at two-week intervals",,,,,,,,,,,,,,,,,,,,,,,N,,"Mice were immunized with 2 µg of recombinant typhoid toxoid without adjuvant at two-week intervals. Genetically engineered inactive forms of typhoid toxin, carrying all three subunits PltB5, PltA, and CdtB were used. Splenocytes were fused with Sp2/0-Ag14 myeloma cells. Hybridoma clones were selected upon a positive reaction against typhoid toxoid via direct ELISAs and cloned by limiting dilution.","Figure 5 and Table S4","surface plasmon resonance (SPR)","dissociation constant KD",nM,http://purl.obolibrary.org/obo/OBI_0001731,Positive,,71.1,,,,"The affinity of epitope-specific mAb TyTx1 for binding to typhoid toxin was determined by SPR.","Purified Immunoglobulin","Entire Antibody",Monoclonal,TyTx1,IgG1,Kappa,,"Source Antigen",Protein,"typhoid-like toxin S-CDT binding subunit PltB [Salmonella enterica subsp. enterica serovar Typhi]",,,,http://www.ncbi.nlm.nih.gov/protein/QZA30671.1,,,,,"Salmonella enterica subsp. enterica serovar Typhi",http://purl.obolibrary.org/obo/NCBITaxon_90370,"Salmonella enterica",http://purl.obolibrary.org/obo/NCBITaxon_28901
http://www.iedb.org/assay/22907768,http://www.iedb.org/reference/1044340,Literature,34496256,,"Tri Nguyen; Angelene F Richards; Durga P Neupane; J Ryan Feathers; Yi-An Yang; Ji Hyun Sim; Haewon Byun; Sohyoung Lee; Changhwan Ahn; Greta Van Slyke; J Christopher Fromme; Nicholas J Mantis; Jeongmin Song","Cell Rep",2021,"The structural basis of Salmonella A&lt;sub&gt;2&lt;/sub&gt;B&lt;sub&gt;5&lt;/sub&gt; toxin neutralization by antibodies targeting the glycan-receptor binding subunits.",http://www.iedb.org/epitope/2265525,"Discontinuous peptide","E24, I47, D48, K74, Q75, S76, I77, Q104, K105, N106, I107, W108, T109, Y110, P111","Epitope of TyTx4 Fab on PltB",,,,,,,"typhoid-like toxin S-CDT binding subunit PltB [Salmonella enterica subsp. enterica serovar Typhi]",http://www.ncbi.nlm.nih.gov/protein/QZA30671.1,"asparagine synthase (glutamine-hydrolyzing)",http://www.uniprot.org/uniprot/A0A0H3N8Z2,"Salmonella enterica subsp. enterica serovar Typhi",http://purl.obolibrary.org/obo/NCBITaxon_90370,"Salmonella enterica",http://purl.obolibrary.org/obo/NCBITaxon_28901,"The epitope residues were calculated from [PDB: 7K7I] as the antigen residues at 4Å atomic distance from the antibody.",,,,,,,,,,,,,,,,"Mus musculus BALB/c",https://ontology.iedb.org/ontology/ONTIE_0000001,,,F,"5-7 weeks",,"Administration in vivo",,,,"Source Antigen",Protein,"typhoid-like toxin S-CDT binding subunit PltB [Salmonella enterica subsp. enterica serovar Typhi]","typhoid toxin A2B5",,,http://www.ncbi.nlm.nih.gov/protein/QZA30671.1,,,,,"Salmonella enterica subsp. enterica serovar Typhi",http://purl.obolibrary.org/obo/NCBITaxon_90370,"Salmonella enterica",http://purl.obolibrary.org/obo/NCBITaxon_28901,,intraperitoneal,"Multiple doses of 2 µg typhoid toxoid at two-week intervals",,,,,,,,,,,,,,,,,,,,,,,N,,"Mice were immunized with 2 µg of recombinant typhoid toxoid without adjuvant at two-week intervals. Genetically engineered inactive forms of typhoid toxin, carrying all three subunits PltB5, PltA, and CdtB were used. Splenocytes were fused with Sp2/0-Ag14 myeloma cells. Hybridoma clones were selected upon a positive reaction against typhoid toxoid via direct ELISAs and cloned by limiting dilution.","Figure 5 and Table S4","surface plasmon resonance (SPR)","dissociation constant KD",nM,http://purl.obolibrary.org/obo/OBI_0001731,Positive,,0.0067,,,,"The affinity of epitope-specific mAb TyTx4 for binding to typhoid toxin was determined by SPR.","Purified Immunoglobulin","Entire Antibody",Monoclonal,TyTx4,IgG2a,Kappa,,"Source Antigen",Protein,"typhoid-like toxin S-CDT binding subunit PltB [Salmonella enterica subsp. enterica serovar Typhi]",,,,http://www.ncbi.nlm.nih.gov/protein/QZA30671.1,,,,,"Salmonella enterica subsp. enterica serovar Typhi",http://purl.obolibrary.org/obo/NCBITaxon_90370,"Salmonella enterica",http://purl.obolibrary.org/obo/NCBITaxon_28901
http://www.iedb.org/assay/22907769,http://www.iedb.org/reference/1044340,Literature,34496256,,"Tri Nguyen; Angelene F Richards; Durga P Neupane; J Ryan Feathers; Yi-An Yang; Ji Hyun Sim; Haewon Byun; Sohyoung Lee; Changhwan Ahn; Greta Van Slyke; J Christopher Fromme; Nicholas J Mantis; Jeongmin Song","Cell Rep",2021,"The structural basis of Salmonella A&lt;sub&gt;2&lt;/sub&gt;B&lt;sub&gt;5&lt;/sub&gt; toxin neutralization by antibodies targeting the glycan-receptor binding subunits.",http://www.iedb.org/epitope/2265526,"Discontinuous peptide","Y33, Y34, S35, D36, K59, N61, G62, S63, G64, C128, S129, A130, T131, Q132","Epitope of TyTx1 Fab on PltB",,,,,,,"typhoid-like toxin S-CDT binding subunit PltB [Salmonella enterica subsp. enterica serovar Typhi]",http://www.ncbi.nlm.nih.gov/protein/QZA30671.1,"asparagine synthase (glutamine-hydrolyzing)",http://www.uniprot.org/uniprot/A0A0H3N8Z2,"Salmonella enterica subsp. enterica serovar Typhi",http://purl.obolibrary.org/obo/NCBITaxon_90370,"Salmonella enterica",http://purl.obolibrary.org/obo/NCBITaxon_28901,"The epitope residues were calculated from [PDB: 7K7H] as the antigen residues at 4Å atomic distance from the antibody.",,,,,,,,,,,,,,,,"Mus musculus BALB/c",https://ontology.iedb.org/ontology/ONTIE_0000001,,,F,"5-7 weeks",,"Administration in vivo",,,,"Source Antigen",Protein,"typhoid-like toxin S-CDT binding subunit PltB [Salmonella enterica subsp. enterica serovar Typhi]","typhoid toxin A2B5",,,http://www.ncbi.nlm.nih.gov/protein/QZA30671.1,,,,,"Salmonella enterica subsp. enterica serovar Typhi",http://purl.obolibrary.org/obo/NCBITaxon_90370,"Salmonella enterica",http://purl.obolibrary.org/obo/NCBITaxon_28901,,intraperitoneal,"Multiple doses of 2 µg typhoid toxoid at two-week intervals",,,,,,,,,,,,,,,,,,,,,,,N,,"Mice were immunized with 2 µg of recombinant typhoid toxoid without adjuvant at two-week intervals. Genetically engineered inactive forms of typhoid toxin, carrying all three subunits PltB5, PltA, and CdtB were used. Splenocytes were fused with Sp2/0-Ag14 myeloma cells. Hybridoma clones were selected upon a positive reaction against typhoid toxoid via direct ELISAs and cloned by limiting dilution.","Figure 5 and Table S4","surface plasmon resonance (SPR)","on rate",M^-1s^-1,http://purl.obolibrary.org/obo/OBI_0001741,Positive,,93900,,,,"The affinity of epitope-specific mAb TyTx1 for binding to typhoid toxin was determined by SPR.","Purified Immunoglobulin","Entire Antibody",Monoclonal,TyTx1,IgG1,Kappa,,"Source Antigen",Protein,"typhoid-like toxin S-CDT binding subunit PltB [Salmonella enterica subsp. enterica serovar Typhi]",,,,http://www.ncbi.nlm.nih.gov/protein/QZA30671.1,,,,,"Salmonella enterica subsp. enterica serovar Typhi",http://purl.obolibrary.org/obo/NCBITaxon_90370,"Salmonella enterica",http://purl.obolibrary.org/obo/NCBITaxon_28901
http://www.iedb.org/assay/22907770,http://www.iedb.org/reference/1044340,Literature,34496256,,"Tri Nguyen; Angelene F Richards; Durga P Neupane; J Ryan Feathers; Yi-An Yang; Ji Hyun Sim; Haewon Byun; Sohyoung Lee; Changhwan Ahn; Greta Van Slyke; J Christopher Fromme; Nicholas J Mantis; Jeongmin Song","Cell Rep",2021,"The structural basis of Salmonella A&lt;sub&gt;2&lt;/sub&gt;B&lt;sub&gt;5&lt;/sub&gt; toxin neutralization by antibodies targeting the glycan-receptor binding subunits.",http://www.iedb.org/epitope/2265526,"Discontinuous peptide","Y33, Y34, S35, D36, K59, N61, G62, S63, G64, C128, S129, A130, T131, Q132","Epitope of TyTx1 Fab on PltB",,,,,,,"typhoid-like toxin S-CDT binding subunit PltB [Salmonella enterica subsp. enterica serovar Typhi]",http://www.ncbi.nlm.nih.gov/protein/QZA30671.1,"asparagine synthase (glutamine-hydrolyzing)",http://www.uniprot.org/uniprot/A0A0H3N8Z2,"Salmonella enterica subsp. enterica serovar Typhi",http://purl.obolibrary.org/obo/NCBITaxon_90370,"Salmonella enterica",http://purl.obolibrary.org/obo/NCBITaxon_28901,"The epitope residues were calculated from [PDB: 7K7H] as the antigen residues at 4Å atomic distance from the antibody.",,,,,,,,,,,,,,,,"Mus musculus BALB/c",https://ontology.iedb.org/ontology/ONTIE_0000001,,,F,"5-7 weeks",,"Administration in vivo",,,,"Source Antigen",Protein,"typhoid-like toxin S-CDT binding subunit PltB [Salmonella enterica subsp. enterica serovar Typhi]","typhoid toxin A2B5",,,http://www.ncbi.nlm.nih.gov/protein/QZA30671.1,,,,,"Salmonella enterica subsp. enterica serovar Typhi",http://purl.obolibrary.org/obo/NCBITaxon_90370,"Salmonella enterica",http://purl.obolibrary.org/obo/NCBITaxon_28901,,intraperitoneal,"Multiple doses of 2 µg typhoid toxoid at two-week intervals",,,,,,,,,,,,,,,,,,,,,,,N,,"Mice were immunized with 2 µg of recombinant typhoid toxoid without adjuvant at two-week intervals. Genetically engineered inactive forms of typhoid toxin, carrying all three subunits PltB5, PltA, and CdtB were used. Splenocytes were fused with Sp2/0-Ag14 myeloma cells. Hybridoma clones were selected upon a positive reaction against typhoid toxoid via direct ELISAs and cloned by limiting dilution.","Figure 5 and Table S4","surface plasmon resonance (SPR)","off rate",1/s,http://purl.obolibrary.org/obo/OBI_0001739,Positive,,0.00664,,,,"The affinity of epitope-specific mAb TyTx1 for binding to typhoid toxin was determined by SPR.","Purified Immunoglobulin","Entire Antibody",Monoclonal,TyTx1,IgG1,Kappa,,"Source Antigen",Protein,"typhoid-like toxin S-CDT binding subunit PltB [Salmonella enterica subsp. enterica serovar Typhi]",,,,http://www.ncbi.nlm.nih.gov/protein/QZA30671.1,,,,,"Salmonella enterica subsp. enterica serovar Typhi",http://purl.obolibrary.org/obo/NCBITaxon_90370,"Salmonella enterica",http://purl.obolibrary.org/obo/NCBITaxon_28901
http://www.iedb.org/assay/22907772,http://www.iedb.org/reference/1044340,Literature,34496256,,"Tri Nguyen; Angelene F Richards; Durga P Neupane; J Ryan Feathers; Yi-An Yang; Ji Hyun Sim; Haewon Byun; Sohyoung Lee; Changhwan Ahn; Greta Van Slyke; J Christopher Fromme; Nicholas J Mantis; Jeongmin Song","Cell Rep",2021,"The structural basis of Salmonella A&lt;sub&gt;2&lt;/sub&gt;B&lt;sub&gt;5&lt;/sub&gt; toxin neutralization by antibodies targeting the glycan-receptor binding subunits.",http://www.iedb.org/epitope/2265525,"Discontinuous peptide","E24, I47, D48, K74, Q75, S76, I77, Q104, K105, N106, I107, W108, T109, Y110, P111","Epitope of TyTx4 Fab on PltB",,,,,,,"typhoid-like toxin S-CDT binding subunit PltB [Salmonella enterica subsp. enterica serovar Typhi]",http://www.ncbi.nlm.nih.gov/protein/QZA30671.1,"asparagine synthase (glutamine-hydrolyzing)",http://www.uniprot.org/uniprot/A0A0H3N8Z2,"Salmonella enterica subsp. enterica serovar Typhi",http://purl.obolibrary.org/obo/NCBITaxon_90370,"Salmonella enterica",http://purl.obolibrary.org/obo/NCBITaxon_28901,"The epitope residues were calculated from [PDB: 7K7I] as the antigen residues at 4Å atomic distance from the antibody.",,,,,,,,,,,,,,,,"Mus musculus BALB/c",https://ontology.iedb.org/ontology/ONTIE_0000001,,,F,"5-7 weeks",,"Administration in vivo",,,,"Source Antigen",Protein,"typhoid-like toxin S-CDT binding subunit PltB [Salmonella enterica subsp. enterica serovar Typhi]","typhoid toxin A2B5",,,http://www.ncbi.nlm.nih.gov/protein/QZA30671.1,,,,,"Salmonella enterica subsp. enterica serovar Typhi",http://purl.obolibrary.org/obo/NCBITaxon_90370,"Salmonella enterica",http://purl.obolibrary.org/obo/NCBITaxon_28901,,intraperitoneal,"Multiple doses of 2 µg typhoid toxoid at two-week intervals",,,,,,,,,,,,,,,,,,,,,,,N,,"Mice were immunized with 2 µg of recombinant typhoid toxoid without adjuvant at two-week intervals. Genetically engineered inactive forms of typhoid toxin, carrying all three subunits PltB5, PltA, and CdtB were used. Splenocytes were fused with Sp2/0-Ag14 myeloma cells. Hybridoma clones were selected upon a positive reaction against typhoid toxoid via direct ELISAs and cloned by limiting dilution.","Figure 5 and Table S4","surface plasmon resonance (SPR)","on rate",M^-1s^-1,http://purl.obolibrary.org/obo/OBI_0001741,Positive,,1030000,,,,"The affinity of epitope-specific mAb TyTx4 for binding to typhoid toxin was determined by SPR.","Purified Immunoglobulin","Entire Antibody",Monoclonal,TyTx4,IgG2a,Kappa,,"Source Antigen",Protein,"typhoid-like toxin S-CDT binding subunit PltB [Salmonella enterica subsp. enterica serovar Typhi]",,,,http://www.ncbi.nlm.nih.gov/protein/QZA30671.1,,,,,"Salmonella enterica subsp. enterica serovar Typhi",http://purl.obolibrary.org/obo/NCBITaxon_90370,"Salmonella enterica",http://purl.obolibrary.org/obo/NCBITaxon_28901
http://www.iedb.org/assay/22907773,http://www.iedb.org/reference/1044340,Literature,34496256,,"Tri Nguyen; Angelene F Richards; Durga P Neupane; J Ryan Feathers; Yi-An Yang; Ji Hyun Sim; Haewon Byun; Sohyoung Lee; Changhwan Ahn; Greta Van Slyke; J Christopher Fromme; Nicholas J Mantis; Jeongmin Song","Cell Rep",2021,"The structural basis of Salmonella A&lt;sub&gt;2&lt;/sub&gt;B&lt;sub&gt;5&lt;/sub&gt; toxin neutralization by antibodies targeting the glycan-receptor binding subunits.",http://www.iedb.org/epitope/2265525,"Discontinuous peptide","E24, I47, D48, K74, Q75, S76, I77, Q104, K105, N106, I107, W108, T109, Y110, P111","Epitope of TyTx4 Fab on PltB",,,,,,,"typhoid-like toxin S-CDT binding subunit PltB [Salmonella enterica subsp. enterica serovar Typhi]",http://www.ncbi.nlm.nih.gov/protein/QZA30671.1,"asparagine synthase (glutamine-hydrolyzing)",http://www.uniprot.org/uniprot/A0A0H3N8Z2,"Salmonella enterica subsp. enterica serovar Typhi",http://purl.obolibrary.org/obo/NCBITaxon_90370,"Salmonella enterica",http://purl.obolibrary.org/obo/NCBITaxon_28901,"The epitope residues were calculated from [PDB: 7K7I] as the antigen residues at 4Å atomic distance from the antibody.",,,,,,,,,,,,,,,,"Mus musculus BALB/c",https://ontology.iedb.org/ontology/ONTIE_0000001,,,F,"5-7 weeks",,"Administration in vivo",,,,"Source Antigen",Protein,"typhoid-like toxin S-CDT binding subunit PltB [Salmonella enterica subsp. enterica serovar Typhi]","typhoid toxin A2B5",,,http://www.ncbi.nlm.nih.gov/protein/QZA30671.1,,,,,"Salmonella enterica subsp. enterica serovar Typhi",http://purl.obolibrary.org/obo/NCBITaxon_90370,"Salmonella enterica",http://purl.obolibrary.org/obo/NCBITaxon_28901,,intraperitoneal,"Multiple doses of 2 µg typhoid toxoid at two-week intervals",,,,,,,,,,,,,,,,,,,,,,,N,,"Mice were immunized with 2 µg of recombinant typhoid toxoid without adjuvant at two-week intervals. Genetically engineered inactive forms of typhoid toxin, carrying all three subunits PltB5, PltA, and CdtB were used. Splenocytes were fused with Sp2/0-Ag14 myeloma cells. Hybridoma clones were selected upon a positive reaction against typhoid toxoid via direct ELISAs and cloned by limiting dilution.","Figure 5 and Table S4","surface plasmon resonance (SPR)","off rate",1/s,http://purl.obolibrary.org/obo/OBI_0001739,Positive,,0.0000068,,,,"The affinity of epitope-specific mAb TyTx4 for binding to typhoid toxin was determined by SPR.","Purified Immunoglobulin","Entire Antibody",Monoclonal,TyTx4,IgG2a,Kappa,,"Source Antigen",Protein,"typhoid-like toxin S-CDT binding subunit PltB [Salmonella enterica subsp. enterica serovar Typhi]",,,,http://www.ncbi.nlm.nih.gov/protein/QZA30671.1,,,,,"Salmonella enterica subsp. enterica serovar Typhi",http://purl.obolibrary.org/obo/NCBITaxon_90370,"Salmonella enterica",http://purl.obolibrary.org/obo/NCBITaxon_28901
http://www.iedb.org/assay/22907774,http://www.iedb.org/reference/1044340,Literature,34496256,,"Tri Nguyen; Angelene F Richards; Durga P Neupane; J Ryan Feathers; Yi-An Yang; Ji Hyun Sim; Haewon Byun; Sohyoung Lee; Changhwan Ahn; Greta Van Slyke; J Christopher Fromme; Nicholas J Mantis; Jeongmin Song","Cell Rep",2021,"The structural basis of Salmonella A&lt;sub&gt;2&lt;/sub&gt;B&lt;sub&gt;5&lt;/sub&gt; toxin neutralization by antibodies targeting the glycan-receptor binding subunits.",http://www.iedb.org/epitope/2265526,"Discontinuous peptide","Y33, Y34, S35, D36, K59, N61, G62, S63, G64, C128, S129, A130, T131, Q132","Epitope of TyTx1 Fab on PltB",,,,,,,"typhoid-like toxin S-CDT binding subunit PltB [Salmonella enterica subsp. enterica serovar Typhi]",http://www.ncbi.nlm.nih.gov/protein/QZA30671.1,"asparagine synthase (glutamine-hydrolyzing)",http://www.uniprot.org/uniprot/A0A0H3N8Z2,"Salmonella enterica subsp. enterica serovar Typhi",http://purl.obolibrary.org/obo/NCBITaxon_90370,"Salmonella enterica",http://purl.obolibrary.org/obo/NCBITaxon_28901,"The epitope residues were calculated from [PDB: 7K7H] as the antigen residues at 4Å atomic distance from the antibody.",,,,,,,,,,,,,,,,"Mus musculus BALB/c",https://ontology.iedb.org/ontology/ONTIE_0000001,,,F,"5-7 weeks",,"Administration in vivo",,,,"Source Antigen",Protein,"typhoid-like toxin S-CDT binding subunit PltB [Salmonella enterica subsp. enterica serovar Typhi]","typhoid toxin A2B5",,,http://www.ncbi.nlm.nih.gov/protein/QZA30671.1,,,,,"Salmonella enterica subsp. enterica serovar Typhi",http://purl.obolibrary.org/obo/NCBITaxon_90370,"Salmonella enterica",http://purl.obolibrary.org/obo/NCBITaxon_28901,,intraperitoneal,"Multiple doses of 2 µg typhoid toxoid at two-week intervals",,,,,,,,,,,,,,,,,,,,,,,N,,"Mice were immunized with 2 µg of recombinant typhoid toxoid without adjuvant at two-week intervals. Genetically engineered inactive forms of typhoid toxin, carrying all three subunits PltB5, PltA, and CdtB were used. Splenocytes were fused with Sp2/0-Ag14 myeloma cells. Hybridoma clones were selected upon a positive reaction against typhoid toxoid via direct ELISAs and cloned by limiting dilution.","Figure 6","biological activity",neutralization,,http://purl.obolibrary.org/obo/OBI_0001643,Positive-Low,,,,,,"The epitope-specific mAb TyTx1 weakly neutralized typhoid toxin produced continuously by S. Typhi during infection of Henle-407 cells, as measured by cell cycle arrests in G2/M.","Purified Immunoglobulin","Entire Antibody",Monoclonal,TyTx1,IgG1,Kappa,,"Source Organism",Organism,"Salmonella enterica subsp. enterica serovar Typhi",,,,,,,,,"Salmonella enterica subsp. enterica serovar Typhi",http://purl.obolibrary.org/obo/NCBITaxon_90370,"Salmonella enterica",http://purl.obolibrary.org/obo/NCBITaxon_28901
http://www.iedb.org/assay/22907775,http://www.iedb.org/reference/1044340,Literature,34496256,,"Tri Nguyen; Angelene F Richards; Durga P Neupane; J Ryan Feathers; Yi-An Yang; Ji Hyun Sim; Haewon Byun; Sohyoung Lee; Changhwan Ahn; Greta Van Slyke; J Christopher Fromme; Nicholas J Mantis; Jeongmin Song","Cell Rep",2021,"The structural basis of Salmonella A&lt;sub&gt;2&lt;/sub&gt;B&lt;sub&gt;5&lt;/sub&gt; toxin neutralization by antibodies targeting the glycan-receptor binding subunits.",http://www.iedb.org/epitope/2265525,"Discontinuous peptide","E24, I47, D48, K74, Q75, S76, I77, Q104, K105, N106, I107, W108, T109, Y110, P111","Epitope of TyTx4 Fab on PltB",,,,,,,"typhoid-like toxin S-CDT binding subunit PltB [Salmonella enterica subsp. enterica serovar Typhi]",http://www.ncbi.nlm.nih.gov/protein/QZA30671.1,"asparagine synthase (glutamine-hydrolyzing)",http://www.uniprot.org/uniprot/A0A0H3N8Z2,"Salmonella enterica subsp. enterica serovar Typhi",http://purl.obolibrary.org/obo/NCBITaxon_90370,"Salmonella enterica",http://purl.obolibrary.org/obo/NCBITaxon_28901,"The epitope residues were calculated from [PDB: 7K7I] as the antigen residues at 4Å atomic distance from the antibody.",,,,,,,,,,,,,,,,"Mus musculus BALB/c",https://ontology.iedb.org/ontology/ONTIE_0000001,,,F,"5-7 weeks",,"Administration in vivo",,,,"Source Antigen",Protein,"typhoid-like toxin S-CDT binding subunit PltB [Salmonella enterica subsp. enterica serovar Typhi]","typhoid toxin A2B5",,,http://www.ncbi.nlm.nih.gov/protein/QZA30671.1,,,,,"Salmonella enterica subsp. enterica serovar Typhi",http://purl.obolibrary.org/obo/NCBITaxon_90370,"Salmonella enterica",http://purl.obolibrary.org/obo/NCBITaxon_28901,,intraperitoneal,"Multiple doses of 2 µg typhoid toxoid at two-week intervals",,,,,,,,,,,,,,,,,,,,,,,N,,"Mice were immunized with 2 µg of recombinant typhoid toxoid without adjuvant at two-week intervals. Genetically engineered inactive forms of typhoid toxin, carrying all three subunits PltB5, PltA, and CdtB were used. Splenocytes were fused with Sp2/0-Ag14 myeloma cells. Hybridoma clones were selected upon a positive reaction against typhoid toxoid via direct ELISAs and cloned by limiting dilution.","Figure 6","biological activity",neutralization,,http://purl.obolibrary.org/obo/OBI_0001643,Positive-High,,,,,,"The epitope-specific mAb TyTx4 neutralized typhoid toxin produced continuously by S. Typhi during infection of Henle-407 cells, as measured by cell cycle arrests in G2/M.","Purified Immunoglobulin","Entire Antibody",Monoclonal,TyTx4,IgG2a,Kappa,,"Source Organism",Organism,"Salmonella enterica subsp. enterica serovar Typhi",,,,,,,,,"Salmonella enterica subsp. enterica serovar Typhi",http://purl.obolibrary.org/obo/NCBITaxon_90370,"Salmonella enterica",http://purl.obolibrary.org/obo/NCBITaxon_28901
http://www.iedb.org/assay/22907885,http://www.iedb.org/reference/1044340,Literature,34496256,,"Tri Nguyen; Angelene F Richards; Durga P Neupane; J Ryan Feathers; Yi-An Yang; Ji Hyun Sim; Haewon Byun; Sohyoung Lee; Changhwan Ahn; Greta Van Slyke; J Christopher Fromme; Nicholas J Mantis; Jeongmin Song","Cell Rep",2021,"The structural basis of Salmonella A&lt;sub&gt;2&lt;/sub&gt;B&lt;sub&gt;5&lt;/sub&gt; toxin neutralization by antibodies targeting the glycan-receptor binding subunits.",http://www.iedb.org/epitope/2265525,"Discontinuous peptide","E24, I47, D48, K74, Q75, S76, I77, Q104, K105, N106, I107, W108, T109, Y110, P111","Epitope of TyTx4 Fab on PltB",,,,,,,"typhoid-like toxin S-CDT binding subunit PltB [Salmonella enterica subsp. enterica serovar Typhi]",http://www.ncbi.nlm.nih.gov/protein/QZA30671.1,"asparagine synthase (glutamine-hydrolyzing)",http://www.uniprot.org/uniprot/A0A0H3N8Z2,"Salmonella enterica subsp. enterica serovar Typhi",http://purl.obolibrary.org/obo/NCBITaxon_90370,"Salmonella enterica",http://purl.obolibrary.org/obo/NCBITaxon_28901,"The epitope residues were calculated from [PDB: 7K7I] as the antigen residues at 4Å atomic distance from the antibody.",,,,,,,,,,,,,,,,"Mus musculus BALB/c",https://ontology.iedb.org/ontology/ONTIE_0000001,,,F,"5-7 weeks",,"Administration in vivo",,,,"Source Antigen",Protein,"typhoid-like toxin S-CDT binding subunit PltB [Salmonella enterica subsp. enterica serovar Typhi]","typhoid toxin A2B5",,,http://www.ncbi.nlm.nih.gov/protein/QZA30671.1,,,,,"Salmonella enterica subsp. enterica serovar Typhi",http://purl.obolibrary.org/obo/NCBITaxon_90370,"Salmonella enterica",http://purl.obolibrary.org/obo/NCBITaxon_28901,,intraperitoneal,"Multiple doses of 2 µg typhoid toxoid at two-week intervals",,,,,,,,,,,,,,,,,,,,,,,N,,"Mice were immunized with 2 µg of recombinant typhoid toxoid without adjuvant at two-week intervals. Genetically engineered inactive forms of typhoid toxin, carrying all three subunits PltB5, PltA, and CdtB were used. Splenocytes were fused with Sp2/0-Ag14 myeloma cells. Hybridoma clones were selected upon a positive reaction against typhoid toxoid via direct ELISAs and cloned by limiting dilution.","Figure 7","biological activity",neutralization,,http://purl.obolibrary.org/obo/OBI_0001643,Positive-High,,,,,,"The epitope-specific mAb TyTx4 significantly neutralized Javiana toxin-mediated toxicity in Henle-407 cells, measured as toxin-induced host cell cycle arrest in G2/M.","Purified Immunoglobulin","Entire Antibody",Monoclonal,TyTx4,IgG2a,Kappa,,"Taxonomic Sibling",Protein,"subtilase cytotoxin subunit B [Salmonella enterica subsp. enterica serovar Javiana]",,,,http://www.ncbi.nlm.nih.gov/protein/EAA9178190.1,,,,,"Salmonella enterica subsp. enterica serovar Javiana",http://purl.obolibrary.org/obo/NCBITaxon_363569,"Salmonella enterica",http://purl.obolibrary.org/obo/NCBITaxon_28901
http://www.iedb.org/assay/22907898,http://www.iedb.org/reference/1044340,Literature,34496256,,"Tri Nguyen; Angelene F Richards; Durga P Neupane; J Ryan Feathers; Yi-An Yang; Ji Hyun Sim; Haewon Byun; Sohyoung Lee; Changhwan Ahn; Greta Van Slyke; J Christopher Fromme; Nicholas J Mantis; Jeongmin Song","Cell Rep",2021,"The structural basis of Salmonella A&lt;sub&gt;2&lt;/sub&gt;B&lt;sub&gt;5&lt;/sub&gt; toxin neutralization by antibodies targeting the glycan-receptor binding subunits.",http://www.iedb.org/epitope/2265525,"Discontinuous peptide","E24, I47, D48, K74, Q75, S76, I77, Q104, K105, N106, I107, W108, T109, Y110, P111","Epitope of TyTx4 Fab on PltB",,,,,,,"typhoid-like toxin S-CDT binding subunit PltB [Salmonella enterica subsp. enterica serovar Typhi]",http://www.ncbi.nlm.nih.gov/protein/QZA30671.1,"asparagine synthase (glutamine-hydrolyzing)",http://www.uniprot.org/uniprot/A0A0H3N8Z2,"Salmonella enterica subsp. enterica serovar Typhi",http://purl.obolibrary.org/obo/NCBITaxon_90370,"Salmonella enterica",http://purl.obolibrary.org/obo/NCBITaxon_28901,"The epitope residues were calculated from [PDB: 7K7I] as the antigen residues at 4Å atomic distance from the antibody.",,,,,,,,,,,,,,,,"Mus musculus C57BL/6 CMAH null",https://ontology.iedb.org/ontology/ONTIE_0001380,,,,"5-8 weeks",,"Administration in vivo",,,,"Source Antigen",Protein,"typhoid-like toxin S-CDT binding subunit PltB [Salmonella enterica subsp. enterica serovar Typhi]","typhoid toxin",,,http://www.ncbi.nlm.nih.gov/protein/QZA30671.1,,,,,"Salmonella enterica subsp. enterica serovar Typhi",http://purl.obolibrary.org/obo/NCBITaxon_90370,"Salmonella enterica",http://purl.obolibrary.org/obo/NCBITaxon_28901,,subcutaneous,"2 doses at a  2-week interval",,,,,,,,,,,,,,,,,,,,,,,N,,"Serum samples were obtained from 10 individual mice who received two injections with a 2-week interval of typhoid toxoid via the subcutaneous (s.c.) route.","Figure 7","cross blocking","qualitative binding",,http://purl.obolibrary.org/obo/OBI_0001648,Positive-High,,,10,10,100,"The epitope-specific TyTx4 Fab competed the binding to PltB by sera from mice immunized with typhoid toxin, indicating they recognize overlapping epitopes.",Serum,"Entire Antibody",Polyclonal,,IgG,,,"Source Antigen",Protein,"typhoid-like toxin S-CDT binding subunit PltB [Salmonella enterica subsp. enterica serovar Typhi]",,,,http://www.ncbi.nlm.nih.gov/protein/QZA30671.1,,,,,"Salmonella enterica subsp. enterica serovar Typhi",http://purl.obolibrary.org/obo/NCBITaxon_90370,"Salmonella enterica",http://purl.obolibrary.org/obo/NCBITaxon_28901
http://www.iedb.org/assay/22907899,http://www.iedb.org/reference/1044340,Literature,34496256,,"Tri Nguyen; Angelene F Richards; Durga P Neupane; J Ryan Feathers; Yi-An Yang; Ji Hyun Sim; Haewon Byun; Sohyoung Lee; Changhwan Ahn; Greta Van Slyke; J Christopher Fromme; Nicholas J Mantis; Jeongmin Song","Cell Rep",2021,"The structural basis of Salmonella A&lt;sub&gt;2&lt;/sub&gt;B&lt;sub&gt;5&lt;/sub&gt; toxin neutralization by antibodies targeting the glycan-receptor binding subunits.",http://www.iedb.org/epitope/2265526,"Discontinuous peptide","Y33, Y34, S35, D36, K59, N61, G62, S63, G64, C128, S129, A130, T131, Q132","Epitope of TyTx1 Fab on PltB",,,,,,,"typhoid-like toxin S-CDT binding subunit PltB [Salmonella enterica subsp. enterica serovar Typhi]",http://www.ncbi.nlm.nih.gov/protein/QZA30671.1,"asparagine synthase (glutamine-hydrolyzing)",http://www.uniprot.org/uniprot/A0A0H3N8Z2,"Salmonella enterica subsp. enterica serovar Typhi",http://purl.obolibrary.org/obo/NCBITaxon_90370,"Salmonella enterica",http://purl.obolibrary.org/obo/NCBITaxon_28901,"The epitope residues were calculated from [PDB: 7K7H] as the antigen residues at 4Å atomic distance from the antibody.",,,,,,,,,,,,,,,,"Mus musculus C57BL/6 CMAH null",https://ontology.iedb.org/ontology/ONTIE_0001380,,,,"5-8 weeks",,"Administration in vivo",,,,"Source Antigen",Protein,"typhoid-like toxin S-CDT binding subunit PltB [Salmonella enterica subsp. enterica serovar Typhi]","typhoid toxin",,,http://www.ncbi.nlm.nih.gov/protein/QZA30671.1,,,,,"Salmonella enterica subsp. enterica serovar Typhi",http://purl.obolibrary.org/obo/NCBITaxon_90370,"Salmonella enterica",http://purl.obolibrary.org/obo/NCBITaxon_28901,,subcutaneous,"2 doses at a  2-week interval",,,,,,,,,,,,,,,,,,,,,,,N,,"Serum samples were obtained from 10 individual mice who received two injections with a 2-week interval of typhoid toxoid via the subcutaneous (s.c.) route.","Figure 7","cross blocking","qualitative binding",,http://purl.obolibrary.org/obo/OBI_0001648,Positive,,,10,10,100,"The epitope-specific TyTx1 Fab competed the binding to PltB by sera from mice immunized with typhoid toxin, indicating they recognize overlapping epitopes.",Serum,"Entire Antibody",Polyclonal,,IgG,,,"Source Antigen",Protein,"typhoid-like toxin S-CDT binding subunit PltB [Salmonella enterica subsp. enterica serovar Typhi]",,,,http://www.ncbi.nlm.nih.gov/protein/QZA30671.1,,,,,"Salmonella enterica subsp. enterica serovar Typhi",http://purl.obolibrary.org/obo/NCBITaxon_90370,"Salmonella enterica",http://purl.obolibrary.org/obo/NCBITaxon_28901
http://www.iedb.org/assay/25175752,http://www.iedb.org/reference/1047668,Literature,41260293,,"Pei-Yu Hsieh; Ksenija Romane; Julia Kowal; Kaspar P Locher; Hendrik W van Veen","J Mol Biol",2025,"Doxorubicin Recognition and Transport by the MATE Multidrug Transporter NorM From Vibrio cholerae.",http://www.iedb.org/epitope/2394733,"Discontinuous peptide","I38, G41, G42, V43, S44, A45, I46, M48, A49, S52, I53, D121, E190, Q278, V279, N282, L346, Y347, T348, E349, N350","Epitope of nanobody NorM-Nb17_4 on NorM from Vibrio cholerae",,,,,,,"multidrug resistance protein NorM, putative [Vibrio cholerae O1 biovar El Tor str. N16961]",http://www.ncbi.nlm.nih.gov/protein/AAF94694.1,"Multidrug resistance protein NorM",http://www.uniprot.org/uniprot/Q9KRU4,"Vibrio cholerae",http://purl.obolibrary.org/obo/NCBITaxon_666,"Vibrio cholerae",http://purl.obolibrary.org/obo/NCBITaxon_666,"The epitope residues were calculated from [PDB: 9RSJ] as the antigen residues at 4Å atomic distance from the antibody.",,,,,,,,,,,,,,,,"Lama glama (llama)",http://purl.obolibrary.org/obo/NCBITaxon_9844,,,,,,"Administration in vivo",,,,"Source Antigen",Protein,"multidrug resistance protein NorM, putative [Vibrio cholerae O1 biovar El Tor str. N16961]",,,,http://www.ncbi.nlm.nih.gov/protein/AAF94694.1,,,,,"Vibrio cholerae",http://purl.obolibrary.org/obo/NCBITaxon_666,"Vibrio cholerae",http://purl.obolibrary.org/obo/NCBITaxon_666,,,"6 doses",,,,,,,,,,,,,,,,,,,,,,,N,,"Generation of the nanobody NorM-Nb17_4 was previously described in the cited reference: [PMID: 34782475]. A llama was injected six times with liposome-reconstituted Vibrio cholerae NorM. Peripheral blood lymphocytes were isolated from samples collected 3 to 4 d after the last immunization and phage display VHH libraries were generated and used to select Nbs.","Figures 1, 4,  S1, S2, S4, Table S1 and PDB 9RSJ","electron microscopy","3D structure",,http://purl.obolibrary.org/obo/OBI_0001646,Positive,,,,,,"The epitope of nanobody NorM-Nb17_4 on NorM-VC was determined from the cryo-EM reconstruction of the Nb bound to NorM-VC in complex with its substrate doxorubicin, at a resolution of 3.10 Å. Nb17_4 stabilized the protein. An anti-Nb Fab was added as a ﬁducial marker. Additionally, anti-Fab nanobody was used to aid in particle alignment during cryo-EM image processing.","Purified Immunoglobulin","VH Domain","Display Library (monoclonal)",NorM-Nb17_4,,,9RSJ,"Source Antigen",Protein,"multidrug resistance protein NorM, putative [Vibrio cholerae O1 biovar El Tor str. N16961]",,,,http://www.ncbi.nlm.nih.gov/protein/AAF94694.1,,,,,"Vibrio cholerae",http://purl.obolibrary.org/obo/NCBITaxon_666,"Vibrio cholerae",http://purl.obolibrary.org/obo/NCBITaxon_666
http://www.iedb.org/assay/25175857,http://www.iedb.org/reference/1047668,Literature,41260293,,"Pei-Yu Hsieh; Ksenija Romane; Julia Kowal; Kaspar P Locher; Hendrik W van Veen","J Mol Biol",2025,"Doxorubicin Recognition and Transport by the MATE Multidrug Transporter NorM From Vibrio cholerae.",http://www.iedb.org/epitope/2394733,"Discontinuous peptide","I38, G41, G42, V43, S44, A45, I46, M48, A49, S52, I53, D121, E190, Q278, V279, N282, L346, Y347, T348, E349, N350","Epitope of nanobody NorM-Nb17_4 on NorM from Vibrio cholerae",,,,,,,"multidrug resistance protein NorM, putative [Vibrio cholerae O1 biovar El Tor str. N16961]",http://www.ncbi.nlm.nih.gov/protein/AAF94694.1,"Multidrug resistance protein NorM",http://www.uniprot.org/uniprot/Q9KRU4,"Vibrio cholerae",http://purl.obolibrary.org/obo/NCBITaxon_666,"Vibrio cholerae",http://purl.obolibrary.org/obo/NCBITaxon_666,"The epitope residues were calculated from [PDB: 9RSJ] as the antigen residues at 4Å atomic distance from the antibody.",,,,,,,,,,,,,,,,"Lama glama (llama)",http://purl.obolibrary.org/obo/NCBITaxon_9844,,,,,,"Administration in vivo",,,,"Source Antigen",Protein,"multidrug resistance protein NorM, putative [Vibrio cholerae O1 biovar El Tor str. N16961]",,,,http://www.ncbi.nlm.nih.gov/protein/AAF94694.1,,,,,"Vibrio cholerae",http://purl.obolibrary.org/obo/NCBITaxon_666,"Vibrio cholerae",http://purl.obolibrary.org/obo/NCBITaxon_666,,,"6 doses",,,,,,,,,,,,,,,,,,,,,,,N,,"Generation of the nanobody NorM-Nb17_4 was previously described in the cited reference: [PMID: 34782475]. A llama was injected six times with liposome-reconstituted Vibrio cholerae NorM. Peripheral blood lymphocytes were isolated from samples collected 3 to 4 d after the last immunization and phage display VHH libraries were generated and used to select Nbs.","Figures 7 and S7","biological activity","secondary in vitro activity",,http://purl.obolibrary.org/obo/OBI_0001704,Positive,,,,,,"The epitope-specific nanobody NorM-Nb17_4 signiﬁcanty reduced the transport rate, but didn’t affect the total amount of doxorubicin transported. To demonstrate the effect on doxorubicin transport, the nanobody was encapsulated in the internal lumen of the proteoliposomes, where it would interact with its binding surface on NorM-VC. Nb17_4 inhibited the pH gradient (interior acidic) plus pNa gradient (interior high)-dependent doxorubicin transport by wildtype NorMC protein, but not the inactive E255Q mutant.","Purified Immunoglobulin","VH Domain","Display Library (monoclonal)",NorM-Nb17_4,,,,"Source Antigen",Protein,"multidrug resistance protein NorM, putative [Vibrio cholerae O1 biovar El Tor str. N16961]",,,,http://www.ncbi.nlm.nih.gov/protein/AAF94694.1,,,,,"Vibrio cholerae",http://purl.obolibrary.org/obo/NCBITaxon_666,"Vibrio cholerae",http://purl.obolibrary.org/obo/NCBITaxon_666
