model,organism,organism_name,group,type,iedb_id,uniprot,start,end,epitope_len,predicted_hits,recall,hit_abs,hit_rel,hit,threshold,K_abs,P_rel,out_of_range,reason
DiscoTope,RESP,Mycobacterium tuberculosis,bacteria,linear,60,P9WNK7,13,28,16,0.0,0.0,False,False,False,0.9,5,0.25,False,
DiscoTope,RESP,Mycobacterium tuberculosis,bacteria,linear,66,P9WNK7,40,62,23,12.0,0.522,True,True,True,0.9,5,0.25,False,
DiscoTope,RESP,Mycobacterium tuberculosis,bacteria,linear,151,P9WGU1,285,304,20,3.0,0.15,False,False,False,0.9,5,0.25,False,
DiscoTope,RESP,Mycobacterium tuberculosis,bacteria,linear,177,P9WK61,70,76,7,3.0,0.429,False,True,True,0.9,5,0.25,False,
DiscoTope,RESP,Mycobacterium tuberculosis,bacteria,linear,187,P9WNK5,46,60,15,1.0,0.067,False,False,False,0.9,5,0.25,False,
DiscoTope,RESP,Mycobacterium tuberculosis,bacteria,linear,223,P9WQP1,161,180,20,0.0,0.0,False,False,False,0.9,5,0.25,False,
DiscoTope,RESP,Mycobacterium tuberculosis,bacteria,linear,224,P9WQP1,161,181,21,0.0,0.0,False,False,False,0.9,5,0.25,False,
DiscoTope,RESP,Haemophilus influenzae,bacteria,linear,257,P10324,80,94,15,4.0,0.267,False,True,True,0.9,5,0.25,False,
DiscoTope,RESP,Mycobacterium tuberculosis,bacteria,linear,433,P9WK61,46,65,20,2.0,0.1,False,False,False,0.9,5,0.25,False,
DiscoTope,RESP,Mycobacterium tuberculosis,bacteria,linear,479,P9WMJ9,546,553,8,0.0,0.0,False,False,False,0.9,5,0.25,False,
DiscoTope,RESP,Mycobacterium tuberculosis,bacteria,linear,503,P9WQP1,21,40,20,6.0,0.3,True,True,True,0.9,5,0.25,False,
DiscoTope,RESP,Mycobacterium tuberculosis,bacteria,linear,655,P9WNK5,86,100,15,0.0,0.0,False,False,False,0.9,5,0.25,False,
DiscoTope,RESP,Mycobacterium tuberculosis,bacteria,linear,819,P9WMJ9,549,556,8,0.0,0.0,False,False,False,0.9,5,0.25,False,
DiscoTope,RESP,Mycobacterium tuberculosis,bacteria,linear,917,P9WPE5,64,73,10,1.0,0.1,False,False,False,0.9,5,0.25,False,
DiscoTope,RESP,Mycobacterium tuberculosis,bacteria,linear,948,P9WMJ9,551,558,8,2.0,0.25,False,True,True,0.9,5,0.25,False,
DiscoTope,RESP,Mycobacterium tuberculosis,bacteria,linear,1236,P9WNF5,39,46,8,4.0,0.5,False,True,True,0.9,5,0.25,False,
DiscoTope,RESP,Bordetella pertussis,bacteria,linear,1416,P04977,83,97,15,1.0,0.067,False,False,False,0.9,5,0.25,False,
DiscoTope,RESP,Bordetella pertussis,bacteria,linear,1508,P04979,106,136,31,5.0,0.161,True,False,True,0.9,5,0.25,False,
DiscoTope,RESP,Mycobacterium tuberculosis,bacteria,linear,1522,P9WQP3,289,303,15,4.0,0.267,False,True,True,0.9,5,0.25,False,
DiscoTope,RESP,Mycobacterium tuberculosis,bacteria,linear,1544,P9WQP1,211,225,15,8.0,0.533,True,True,True,0.9,5,0.25,False,
DiscoTope,RESP,Mycobacterium tuberculosis,bacteria,linear,1545,P9WQP1,211,230,20,10.0,0.5,True,True,True,0.9,5,0.25,False,
DiscoTope,RESP,Haemophilus influenzae,bacteria,linear,1577,P10324,120,134,15,3.0,0.2,False,False,False,0.9,5,0.25,False,
DiscoTope,RESP,Mycobacterium tuberculosis,bacteria,linear,1595,P9WPE7,508,517,10,0.0,0.0,False,False,False,0.9,5,0.25,False,
DiscoTope,RESP,Mycobacterium tuberculosis,bacteria,linear,1634,P9WMJ9,570,577,8,0.0,0.0,False,False,False,0.9,5,0.25,False,
DiscoTope,RESP,Mycobacterium tuberculosis,bacteria,linear,1676,P9WMJ9,575,582,8,0.0,0.0,False,False,False,0.9,5,0.25,False,
DiscoTope,RESP,Mycobacterium tuberculosis,bacteria,linear,1681,P9WNK5,36,50,15,8.0,0.533,True,True,True,0.9,5,0.25,False,
DiscoTope,RESP,Haemophilus influenzae,bacteria,linear,1740,P10324,70,84,15,0.0,0.0,False,False,False,0.9,5,0.25,False,
DiscoTope,RESP,Mycobacterium tuberculosis,bacteria,linear,2190,O07415,180,194,15,0.0,0.0,False,False,False,0.9,5,0.25,False,
DiscoTope,RESP,Bordetella pertussis,bacteria,linear,2198,P17835,110,116,7,3.0,0.429,False,True,True,0.9,5,0.25,False,
DiscoTope,RESP,Mycobacterium tuberculosis,bacteria,linear,2319,P9WPE5,2,14,13,2.0,0.154,False,False,False,0.9,5,0.25,False,
DiscoTope,RESP,Haemophilus influenzae,bacteria,linear,2594,P10324,100,114,15,2.0,0.133,False,False,False,0.9,5,0.25,False,
DiscoTope,RESP,Mycobacterium tuberculosis,bacteria,linear,2695,P9WQP1,191,210,20,10.0,0.5,True,True,True,0.9,5,0.25,False,
DiscoTope,RESP,Haemophilus influenzae,bacteria,linear,2909,P43838,211,240,30,19.0,0.633,True,True,True,0.9,5,0.25,False,
DiscoTope,RESP,Mycobacterium tuberculosis,bacteria,linear,2981,P9WPE7,97,106,10,0.0,0.0,False,False,False,0.9,5,0.25,False,
DiscoTope,RESP,Bordetella pertussis,bacteria,linear,3053,P04977,245,256,12,10.0,0.833,True,True,True,0.9,5,0.25,False,
DiscoTope,RESP,Bordetella pertussis,bacteria,linear,3381,P04977,207,218,12,3.0,0.25,False,True,True,0.9,5,0.25,False,
DiscoTope,RESP,Mycobacterium tuberculosis,bacteria,linear,3399,P9WQP1,151,165,15,2.0,0.133,False,False,False,0.9,5,0.25,False,
DiscoTope,RESP,Mycobacterium tuberculosis,bacteria,linear,3400,P9WQP1,151,170,20,2.0,0.1,False,False,False,0.9,5,0.25,False,
DiscoTope,RESP,Mycobacterium tuberculosis,bacteria,linear,3402,P9WQP3,154,168,15,3.0,0.2,False,False,False,0.9,5,0.25,False,
DiscoTope,RESP,Mycobacterium tuberculosis,bacteria,linear,3442,P9WNF5,140,147,8,2.0,0.25,False,True,True,0.9,5,0.25,False,
DiscoTope,RESP,Bordetella pertussis,bacteria,linear,3757,P14283,578,599,22,21.0,0.955,True,True,True,0.9,5,0.25,False,
DiscoTope,RESP,Mycobacterium tuberculosis,bacteria,linear,3934,P9WNK5,51,65,15,0.0,0.0,False,False,False,0.9,5,0.25,False,
DiscoTope,RESP,Mycobacterium tuberculosis,bacteria,linear,4132,P9WPE5,91,100,10,1.0,0.1,False,False,False,0.9,5,0.25,False,
DiscoTope,RESP,Mycobacterium tuberculosis,bacteria,linear,4334,P9WK61,121,140,20,3.0,0.15,False,False,False,0.9,5,0.25,False,
DiscoTope,RESP,Mycobacterium tuberculosis,bacteria,linear,4364,P9WMJ9,579,586,8,0.0,0.0,False,False,False,0.9,5,0.25,False,
DiscoTope,RESP,Bordetella pertussis,bacteria,linear,4856,P17835,156,167,12,2.0,0.167,False,False,False,0.9,5,0.25,False,
DiscoTope,RESP,Mycobacterium tuberculosis,bacteria,linear,4942,P9WNK7,62,85,24,0.0,0.0,False,False,False,0.9,5,0.25,False,
DiscoTope,RESP,Mycobacterium tuberculosis,bacteria,linear,4990,P9WK61,136,155,20,11.0,0.55,True,True,True,0.9,5,0.25,False,
DiscoTope,RESP,Mycobacterium tuberculosis,bacteria,linear,5196,P9WPE7,91,105,15,0.0,0.0,False,False,False,0.9,5,0.25,False,
DiscoTope,RESP,Mycobacterium tuberculosis,bacteria,linear,5244,P9WNF5,61,80,20,4.0,0.2,False,False,False,0.9,5,0.25,False,
DiscoTope,RESP,Mycobacterium tuberculosis,bacteria,linear,5249,P9WMJ9,547,554,8,0.0,0.0,False,False,False,0.9,5,0.25,False,
DiscoTope,RESP,Mycobacterium tuberculosis,bacteria,linear,5283,P9WNF5,21,40,20,3.0,0.15,False,False,False,0.9,5,0.25,False,
DiscoTope,RESP,Mycobacterium tuberculosis,bacteria,linear,5350,P9WPE5,45,54,10,3.0,0.3,False,True,True,0.9,5,0.25,False,
DiscoTope,RESP,Mycobacterium tuberculosis,bacteria,linear,5423,P9WPE7,211,226,16,3.0,0.188,False,False,False,0.9,5,0.25,False,
DiscoTope,RESP,Haemophilus influenzae,bacteria,linear,5609,P43839,21,34,14,0.0,0.0,False,False,False,0.9,5,0.25,False,
DiscoTope,RESP,Mycobacterium tuberculosis,bacteria,linear,5661,P9WNK7,42,65,24,11.0,0.458,True,True,True,0.9,5,0.25,False,
DiscoTope,RESP,Bordetella pertussis,bacteria,linear,5785,P04979,94,115,22,12.0,0.545,True,True,True,0.9,5,0.25,False,
DiscoTope,RESP,Bordetella pertussis,bacteria,linear,6044,P04978,147,160,14,0.0,0.0,False,False,False,0.9,5,0.25,False,
DiscoTope,RESP,Bordetella pertussis,bacteria,linear,6225,P0A3R5,93,108,16,8.0,0.5,True,True,True,0.9,5,0.25,False,
DiscoTope,RESP,Mycobacterium tuberculosis,bacteria,linear,6323,P9WQP1,251,270,20,13.0,0.65,True,True,True,0.9,5,0.25,False,
DiscoTope,RESP,Bordetella pertussis,bacteria,linear,6459,P04979,115,136,22,0.0,0.0,False,False,False,0.9,5,0.25,False,
DiscoTope,RESP,Mycobacterium tuberculosis,bacteria,linear,6825,P9WMJ9,595,602,8,8.0,1.0,True,True,True,0.9,5,0.25,False,
DiscoTope,RESP,Bordetella pertussis,bacteria,linear,7208,P04978,161,176,16,10.0,0.625,True,True,True,0.9,5,0.25,False,
DiscoTope,RESP,Mycobacterium tuberculosis,bacteria,linear,7311,P9WMJ9,588,595,8,4.0,0.5,False,True,True,0.9,5,0.25,False,
DiscoTope,RESP,Mycobacterium tuberculosis,bacteria,linear,7472,P9WGU1,325,344,20,0.0,0.0,False,False,False,0.9,5,0.25,False,
DiscoTope,RESP,Mycobacterium tuberculosis,bacteria,linear,7474,P9WMJ9,545,552,8,0.0,0.0,False,False,False,0.9,5,0.25,False,
DiscoTope,RESP,Bordetella pertussis,bacteria,linear,7849,P04977,35,45,11,0.0,0.0,False,False,False,0.9,5,0.25,False,
DiscoTope,RESP,Bordetella pertussis,bacteria,linear,7850,P04977,35,51,17,2.0,0.118,False,False,False,0.9,5,0.25,False,
DiscoTope,RESP,Bordetella pertussis,bacteria,linear,7851,P04977,1,18,18,2.0,0.111,False,False,False,0.9,5,0.25,False,
DiscoTope,RESP,Mycobacterium tuberculosis,bacteria,linear,7879,P9WPE7,81,95,15,0.0,0.0,False,False,False,0.9,5,0.25,False,
DiscoTope,RESP,Mycobacterium tuberculosis,bacteria,linear,7998,P9WNK7,30,38,9,5.0,0.556,True,True,True,0.9,5,0.25,False,
DiscoTope,RESP,Haemophilus influenzae,bacteria,linear,8147,P10324,90,104,15,6.0,0.4,True,True,True,0.9,5,0.25,False,
DiscoTope,RESP,Mycobacterium tuberculosis,bacteria,linear,8372,P9WPE5,54,63,10,5.0,0.5,True,True,True,0.9,5,0.25,False,
DiscoTope,RESP,Mycobacterium tuberculosis,bacteria,linear,8438,P9WQP1,80,88,9,3.0,0.333,False,True,True,0.9,5,0.25,False,
DiscoTope,RESP,Mycobacterium tuberculosis,bacteria,linear,8464,P9WK61,91,110,20,6.0,0.3,True,True,True,0.9,5,0.25,False,
DiscoTope,RESP,Mycobacterium tuberculosis,bacteria,linear,8688,P9WQP1,61,80,20,1.0,0.05,False,False,False,0.9,5,0.25,False,
DiscoTope,RESP,Haemophilus influenzae,bacteria,linear,8866,P43839,136,146,11,0.0,0.0,False,False,False,0.9,5,0.25,False,
DiscoTope,RESP,Mycobacterium tuberculosis,bacteria,linear,8900,P9WPE5,11,25,15,4.0,0.267,False,True,True,0.9,5,0.25,False,
DiscoTope,RESP,Streptococcus pneumoniae,bacteria,linear,8989,Q97QS2,55,63,9,6.0,0.667,True,True,True,0.9,5,0.25,False,
DiscoTope,RESP,Bordetella pertussis,bacteria,linear,9118,P17835,85,91,7,0.0,0.0,False,False,False,0.9,5,0.25,False,
DiscoTope,RESP,Mycobacterium tuberculosis,bacteria,linear,9268,P9WMJ9,581,588,8,0.0,0.0,False,False,False,0.9,5,0.25,False,
DiscoTope,RESP,Mycobacterium tuberculosis,bacteria,linear,9278,P9WPE7,311,326,16,2.0,0.125,False,False,False,0.9,5,0.25,False,
DiscoTope,RESP,Mycobacterium tuberculosis,bacteria,linear,9352,P9WK61,140,159,20,9.0,0.45,True,True,True,0.9,5,0.25,False,
DiscoTope,RESP,Mycobacterium tuberculosis,bacteria,linear,9474,P9WHZ5,201,212,12,3.0,0.25,False,True,True,0.9,5,0.25,False,
DiscoTope,RESP,Mycobacterium tuberculosis,bacteria,linear,9475,P9WHZ5,201,236,36,8.0,0.222,True,False,True,0.9,5,0.25,False,
DiscoTope,RESP,Bordetella pertussis,bacteria,linear,9571,P04977,30,41,12,0.0,0.0,False,False,False,0.9,5,0.25,False,
DiscoTope,RESP,Mycobacterium tuberculosis,bacteria,linear,9611,P9WMK1,61,70,10,5.0,0.5,True,True,True,0.9,5,0.25,False,
DiscoTope,RESP,Mycobacterium tuberculosis,bacteria,linear,9613,P9WMK1,61,80,20,8.0,0.4,True,True,True,0.9,5,0.25,False,
DiscoTope,RESP,Mycobacterium tuberculosis,bacteria,linear,9924,P9WGU1,350,369,20,1.0,0.05,False,False,False,0.9,5,0.25,False,
DiscoTope,RESP,Mycobacterium tuberculosis,bacteria,linear,10022,P9WHZ5,225,236,12,2.0,0.167,False,False,False,0.9,5,0.25,False,
DiscoTope,RESP,Haemophilus influenzae,bacteria,linear,10126,P43839,282,293,12,2.0,0.167,False,False,False,0.9,5,0.25,False,
DiscoTope,RESP,Haemophilus influenzae,bacteria,linear,10220,P43839,285,296,12,2.0,0.167,False,False,False,0.9,5,0.25,False,
DiscoTope,RESP,Haemophilus influenzae,bacteria,linear,10245,P43839,281,292,12,2.0,0.167,False,False,False,0.9,5,0.25,False,
DiscoTope,RESP,Mycobacterium tuberculosis,bacteria,linear,10406,P9WMJ9,539,546,8,0.0,0.0,False,False,False,0.9,5,0.25,False,
DiscoTope,RESP,Mycobacterium tuberculosis,bacteria,linear,10510,P9WPE5,67,76,10,3.0,0.3,False,True,True,0.9,5,0.25,False,
DiscoTope,RESP,Streptococcus pneumoniae,bacteria,linear,10519,P0C2J9,216,239,24,12.0,0.5,True,True,True,0.9,5,0.25,False,
DiscoTope,RESP,Bordetella pertussis,bacteria,linear,10594,P04977,51,64,14,5.0,0.357,True,True,True,0.9,5,0.25,False,
DiscoTope,RESP,Mycobacterium tuberculosis,bacteria,linear,10841,P9WQP1,121,140,20,8.0,0.4,True,True,True,0.9,5,0.25,False,
DiscoTope,RESP,Mycobacterium tuberculosis,bacteria,linear,10842,P9WQP1,121,140,20,8.0,0.4,True,True,True,0.9,5,0.25,False,
DiscoTope,RESP,Mycobacterium tuberculosis,bacteria,linear,10984,P9WNK7,12,35,24,3.0,0.125,False,False,False,0.9,5,0.25,False,
DiscoTope,RESP,Haemophilus influenzae,bacteria,linear,11000,P10324,140,153,14,2.0,0.143,False,False,False,0.9,5,0.25,False,
DiscoTope,RESP,Mycobacterium tuberculosis,bacteria,linear,11021,P9WMJ9,550,557,8,1.0,0.125,False,False,False,0.9,5,0.25,False,
DiscoTope,RESP,Mycobacterium tuberculosis,bacteria,linear,11057,P9WMJ9,569,576,8,0.0,0.0,False,False,False,0.9,5,0.25,False,
DiscoTope,RESP,Bordetella pertussis,bacteria,linear,11208,P04977,70,82,13,5.0,0.385,True,True,True,0.9,5,0.25,False,
DiscoTope,RESP,Streptococcus pneumoniae,bacteria,linear,11270,P0C2J9,427,438,12,8.0,0.667,True,True,True,0.9,5,0.25,False,
DiscoTope,RESP,Mycobacterium tuberculosis,bacteria,linear,11330,P9WPE5,53,62,10,6.0,0.6,True,True,True,0.9,5,0.25,False,
DiscoTope,RESP,Mycobacterium tuberculosis,bacteria,linear,11451,P9WMJ9,538,545,8,0.0,0.0,False,False,False,0.9,5,0.25,False,
DiscoTope,RESP,Haemophilus influenzae,bacteria,linear,11731,P10324,130,144,15,10.0,0.667,True,True,True,0.9,5,0.25,False,
DiscoTope,RESP,Mycobacterium tuberculosis,bacteria,linear,11936,P9WPE5,84,93,10,1.0,0.1,False,False,False,0.9,5,0.25,False,
DiscoTope,RESP,Mycobacterium tuberculosis,bacteria,linear,12143,P9WPE7,430,446,17,2.0,0.118,False,False,False,0.9,5,0.25,False,
DiscoTope,RESP,Mycobacterium tuberculosis,bacteria,linear,12150,P9WPE5,65,74,10,2.0,0.2,False,False,False,0.9,5,0.25,False,
DiscoTope,RESP,Mycobacterium tuberculosis,bacteria,linear,12182,P9WMJ9,552,559,8,3.0,0.375,False,True,True,0.9,5,0.25,False,
DiscoTope,RESP,Mycobacterium tuberculosis,bacteria,linear,12498,P9WPE5,78,87,10,3.0,0.3,False,True,True,0.9,5,0.25,False,
DiscoTope,RESP,Mycobacterium tuberculosis,bacteria,linear,12584,P9WNK5,71,85,15,0.0,0.0,False,False,False,0.9,5,0.25,False,
DiscoTope,RESP,Mycobacterium tuberculosis,bacteria,linear,12632,P9WPE7,525,540,16,9.0,0.562,True,True,True,0.9,5,0.25,False,
DiscoTope,RESP,Mycobacterium tuberculosis,bacteria,linear,12688,P9WMJ9,521,528,8,0.0,0.0,False,False,False,0.9,5,0.25,False,
DiscoTope,RESP,Mycobacterium tuberculosis,bacteria,linear,12865,P9WPE5,56,65,10,4.0,0.4,False,True,True,0.9,5,0.25,False,
DiscoTope,RESP,Mycobacterium tuberculosis,bacteria,linear,13473,P9WQP1,270,278,9,3.0,0.333,False,True,True,0.9,5,0.25,False,
DiscoTope,RESP,Mycobacterium tuberculosis,bacteria,linear,13917,P9WNK7,3,15,13,0.0,0.0,False,False,False,0.9,5,0.25,False,
DiscoTope,RESP,Mycobacterium tuberculosis,bacteria,linear,14574,P9WPE5,21,35,15,14.0,0.933,True,True,True,0.9,5,0.25,False,
DiscoTope,RESP,Mycobacterium tuberculosis,bacteria,linear,15048,P9WPE5,85,94,10,1.0,0.1,False,False,False,0.9,5,0.25,False,
DiscoTope,RESP,Bordetella pertussis,bacteria,linear,15775,P04977,139,150,12,3.0,0.25,False,True,True,0.9,5,0.25,False,
DiscoTope,RESP,Mycobacterium tuberculosis,bacteria,linear,15991,P9WMJ9,561,568,8,2.0,0.25,False,True,True,0.9,5,0.25,False,
DiscoTope,RESP,Mycobacterium tuberculosis,bacteria,linear,16006,P9WPE7,181,195,15,1.0,0.067,False,False,False,0.9,5,0.25,False,
DiscoTope,RESP,Haemophilus influenzae,bacteria,linear,16356,P43838,415,449,35,7.0,0.2,True,False,True,0.9,5,0.25,False,
DiscoTope,RESP,Haemophilus influenzae,bacteria,linear,16366,P43838,422,459,38,5.0,0.132,True,False,True,0.9,5,0.25,False,
DiscoTope,RESP,Mycobacterium tuberculosis,bacteria,linear,17838,P9WQP1,41,60,20,6.0,0.3,True,True,True,0.9,5,0.25,False,
DiscoTope,RESP,Mycobacterium tuberculosis,bacteria,linear,18509,P9WK61,11,30,20,0.0,0.0,False,False,False,0.9,5,0.25,False,
DiscoTope,RESP,Bordetella pertussis,bacteria,linear,18527,P04977,99,112,14,5.0,0.357,True,True,True,0.9,5,0.25,False,
DiscoTope,RESP,Bordetella pertussis,bacteria,linear,18572,P04978,105,125,21,6.0,0.286,True,True,True,0.9,5,0.25,False,
DiscoTope,RESP,Mycobacterium tuberculosis,bacteria,linear,18700,P9WQP1,261,280,20,10.0,0.5,True,True,True,0.9,5,0.25,False,
DiscoTope,RESP,Haemophilus influenzae,bacteria,linear,18711,P43839,171,176,6,1.0,0.167,False,False,False,0.9,5,0.25,False,
DiscoTope,RESP,Mycobacterium tuberculosis,bacteria,linear,18763,P9WGU1,103,122,20,6.0,0.3,True,True,True,0.9,5,0.25,False,
DiscoTope,RESP,Mycobacterium tuberculosis,bacteria,linear,18764,P9WMJ9,578,585,8,0.0,0.0,False,False,False,0.9,5,0.25,False,
DiscoTope,RESP,Bordetella pertussis,bacteria,linear,18843,P04979,46,69,24,3.0,0.125,False,False,False,0.9,5,0.25,False,
DiscoTope,RESP,Mycobacterium tuberculosis,bacteria,linear,18898,P9WQP1,131,150,20,3.0,0.15,False,False,False,0.9,5,0.25,False,
DiscoTope,RESP,Haemophilus influenzae,bacteria,linear,18994,P43839,284,297,14,2.0,0.143,False,False,False,0.9,5,0.25,False,
DiscoTope,RESP,Mycobacterium tuberculosis,bacteria,linear,19049,P9WNF5,31,50,20,7.0,0.35,True,True,True,0.9,5,0.25,False,
DiscoTope,RESP,Mycobacterium tuberculosis,bacteria,linear,19133,P9WPE5,66,75,10,3.0,0.3,False,True,True,0.9,5,0.25,False,
DiscoTope,RESP,Haemophilus influenzae,bacteria,linear,19143,P43838,82,110,29,13.0,0.448,True,True,True,0.9,5,0.25,False,
DiscoTope,RESP,Mycobacterium tuberculosis,bacteria,linear,19202,P9WMJ9,568,575,8,0.0,0.0,False,False,False,0.9,5,0.25,False,
DiscoTope,RESP,Mycobacterium tuberculosis,bacteria,linear,19256,P9WPE5,83,92,10,1.0,0.1,False,False,False,0.9,5,0.25,False,
DiscoTope,RESP,Mycobacterium tuberculosis,bacteria,linear,19328,P9WPE5,55,64,10,5.0,0.5,True,True,True,0.9,5,0.25,False,
DiscoTope,RESP,Haemophilus influenzae,bacteria,linear,19376,P43839,182,191,10,10.0,1.0,True,True,True,0.9,5,0.25,False,
DiscoTope,RESP,Bordetella pertussis,bacteria,linear,19482,P04978,92,106,15,6.0,0.4,True,True,True,0.9,5,0.25,False,
DiscoTope,RESP,Mycobacterium tuberculosis,bacteria,linear,19499,P9WGU1,287,299,13,2.0,0.154,False,False,False,0.9,5,0.25,False,
DiscoTope,RESP,Mycobacterium tuberculosis,bacteria,linear,19562,Q6MWX9,2931,2949,19,,,,,,0.9,5,0.25,True,missing_prediction_for_protein
DiscoTope,RESP,Bordetella pertussis,bacteria,linear,19684,P14283,266,290,25,18.0,0.72,True,True,True,0.9,5,0.25,False,
DiscoTope,RESP,Bordetella pertussis,bacteria,linear,19685,P14283,266,290,25,18.0,0.72,True,True,True,0.9,5,0.25,False,
DiscoTope,RESP,Bordetella pertussis,bacteria,linear,19686,P14283,266,295,30,21.0,0.7,True,True,True,0.9,5,0.25,False,
DiscoTope,RESP,Mycobacterium tuberculosis,bacteria,linear,20047,P9WPE5,75,84,10,5.0,0.5,True,True,True,0.9,5,0.25,False,
DiscoTope,RESP,Mycobacterium tuberculosis,bacteria,linear,20060,P9WMJ9,553,560,8,3.0,0.375,False,True,True,0.9,5,0.25,False,
DiscoTope,RESP,Mycobacterium tuberculosis,bacteria,linear,20065,P9WPE7,372,381,10,0.0,0.0,False,False,False,0.9,5,0.25,False,
DiscoTope,RESP,Mycobacterium tuberculosis,bacteria,linear,20174,P9WMJ9,562,569,8,1.0,0.125,False,False,False,0.9,5,0.25,False,
DiscoTope,RESP,Mycobacterium tuberculosis,bacteria,linear,20198,P9WMJ9,591,598,8,7.0,0.875,True,True,True,0.9,5,0.25,False,
DiscoTope,RESP,Mycobacterium tuberculosis,bacteria,linear,20281,P9WHZ5,219,230,12,2.0,0.167,False,False,False,0.9,5,0.25,False,
DiscoTope,RESP,Mycobacterium tuberculosis,bacteria,linear,20369,P9WMK1,120,128,9,1.0,0.111,False,False,False,0.9,5,0.25,False,
DiscoTope,RESP,Bordetella pertussis,bacteria,linear,20455,P04977,185,201,17,5.0,0.294,True,True,True,0.9,5,0.25,False,
DiscoTope,RESP,Mycobacterium tuberculosis,bacteria,linear,20662,P9WMK1,131,144,14,0.0,0.0,False,False,False,0.9,5,0.25,False,
DiscoTope,RESP,Mycobacterium tuberculosis,bacteria,linear,20670,P9WNK7,32,55,24,16.0,0.667,True,True,True,0.9,5,0.25,False,
DiscoTope,RESP,Bordetella pertussis,bacteria,linear,20722,P17835,141,147,7,0.0,0.0,False,False,False,0.9,5,0.25,False,
DiscoTope,RESP,Mycobacterium tuberculosis,bacteria,linear,21093,P9WQP3,84,103,20,4.0,0.2,False,False,False,0.9,5,0.25,False,
DiscoTope,RESP,Mycobacterium tuberculosis,bacteria,linear,21096,P9WQP1,81,100,20,4.0,0.2,False,False,False,0.9,5,0.25,False,
DiscoTope,RESP,Mycobacterium tuberculosis,bacteria,linear,21109,P9WPE7,102,111,10,1.0,0.1,False,False,False,0.9,5,0.25,False,
DiscoTope,RESP,Mycobacterium tuberculosis,bacteria,linear,21345,P9WNF5,54,61,8,0.0,0.0,False,False,False,0.9,5,0.25,False,
DiscoTope,RESP,Bordetella pertussis,bacteria,linear,21374,P04979,65,92,28,10.0,0.357,True,True,True,0.9,5,0.25,False,
DiscoTope,RESP,Mycobacterium tuberculosis,bacteria,linear,21422,P9WNK5,16,30,15,3.0,0.2,False,False,False,0.9,5,0.25,False,
DiscoTope,RESP,Mycobacterium tuberculosis,bacteria,linear,21434,P9WGU1,230,249,20,3.0,0.15,False,False,False,0.9,5,0.25,False,
DiscoTope,RESP,Bordetella pertussis,bacteria,linear,21477,P04977,61,75,15,2.0,0.133,False,False,False,0.9,5,0.25,False,
DiscoTope,RESP,Mycobacterium tuberculosis,bacteria,linear,21497,P9WHZ5,388,399,12,1.0,0.083,False,False,False,0.9,5,0.25,False,
DiscoTope,RESP,Mycobacterium tuberculosis,bacteria,linear,21566,P9WGU1,69,75,7,2.0,0.286,False,True,True,0.9,5,0.25,False,
DiscoTope,RESP,Mycobacterium tuberculosis,bacteria,linear,21653,P9WMJ9,571,578,8,0.0,0.0,False,False,False,0.9,5,0.25,False,
DiscoTope,RESP,Mycobacterium tuberculosis,bacteria,linear,21673,P9WPE7,31,46,16,9.0,0.562,True,True,True,0.9,5,0.25,False,
DiscoTope,RESP,Bordetella pertussis,bacteria,linear,21713,P05788,23,29,7,1.0,0.143,False,False,False,0.9,5,0.25,False,
DiscoTope,RESP,Mycobacterium tuberculosis,bacteria,linear,21797,P9WQP1,221,240,20,6.0,0.3,True,True,True,0.9,5,0.25,False,
DiscoTope,RESP,Streptococcus pneumoniae,bacteria,linear,21856,P0C2J9,401,407,7,3.0,0.429,False,True,True,0.9,5,0.25,False,
DiscoTope,RESP,Haemophilus influenzae,bacteria,linear,21992,P43840,93,111,19,5.0,0.263,True,True,True,0.9,5,0.25,False,
DiscoTope,RESP,Haemophilus influenzae,bacteria,linear,21993,P43839,122,149,28,0.0,0.0,False,False,False,0.9,5,0.25,False,
DiscoTope,RESP,Bordetella pertussis,bacteria,linear,22217,P05788,48,54,7,1.0,0.143,False,False,False,0.9,5,0.25,False,
DiscoTope,RESP,Mycobacterium tuberculosis,bacteria,linear,22252,P9WPE5,49,64,16,8.0,0.5,True,True,True,0.9,5,0.25,False,
DiscoTope,RESP,Mycobacterium tuberculosis,bacteria,linear,22332,P9WMJ9,576,583,8,0.0,0.0,False,False,False,0.9,5,0.25,False,
DiscoTope,RESP,Mycobacterium tuberculosis,bacteria,linear,22387,Q6MWX9,971,986,16,,,,,,0.9,5,0.25,True,missing_prediction_for_protein
DiscoTope,RESP,Mycobacterium tuberculosis,bacteria,linear,22395,P9WGU1,25,38,14,6.0,0.429,True,True,True,0.9,5,0.25,False,
DiscoTope,RESP,Mycobacterium tuberculosis,bacteria,linear,22398,P9WMJ9,533,540,8,1.0,0.125,False,False,False,0.9,5,0.25,False,
DiscoTope,RESP,Bordetella pertussis,bacteria,linear,22516,P04977,78,92,15,3.0,0.2,False,False,False,0.9,5,0.25,False,
DiscoTope,RESP,Bordetella pertussis,bacteria,linear,22756,P04977,189,199,11,4.0,0.364,False,True,True,0.9,5,0.25,False,
DiscoTope,RESP,Mycobacterium tuberculosis,bacteria,linear,22803,P9WNF5,144,193,50,2.0,0.04,False,False,False,0.9,5,0.25,False,
DiscoTope,RESP,Mycobacterium tuberculosis,bacteria,linear,22881,P9WPE5,41,50,10,1.0,0.1,False,False,False,0.9,5,0.25,False,
DiscoTope,RESP,Mycobacterium tuberculosis,bacteria,linear,22882,P9WPE5,41,55,15,4.0,0.267,False,True,True,0.9,5,0.25,False,
DiscoTope,RESP,Mycobacterium tuberculosis,bacteria,linear,22884,P9WPE5,41,56,16,5.0,0.312,True,True,True,0.9,5,0.25,False,
DiscoTope,RESP,Bordetella pertussis,bacteria,linear,22897,P04979,88,115,28,13.0,0.464,True,True,True,0.9,5,0.25,False,
DiscoTope,RESP,Mycobacterium tuberculosis,bacteria,linear,22912,P9WMJ9,573,580,8,0.0,0.0,False,False,False,0.9,5,0.25,False,
DiscoTope,RESP,Bordetella pertussis,bacteria,linear,22921,P0DKX7,54,70,17,3.0,0.176,False,False,False,0.9,5,0.25,False,
DiscoTope,RESP,Mycobacterium tuberculosis,bacteria,linear,22997,P9WIN9,196,210,15,5.0,0.333,True,True,True,0.9,5,0.25,False,
DiscoTope,RESP,Mycobacterium tuberculosis,bacteria,linear,23156,P9WNF5,174,193,20,0.0,0.0,False,False,False,0.9,5,0.25,False,
DiscoTope,RESP,Mycobacterium tuberculosis,bacteria,linear,23171,P9WPE7,414,423,10,0.0,0.0,False,False,False,0.9,5,0.25,False,
DiscoTope,RESP,Mycobacterium tuberculosis,bacteria,linear,23337,P9WMJ9,559,566,8,3.0,0.375,False,True,True,0.9,5,0.25,False,
DiscoTope,RESP,Mycobacterium tuberculosis,bacteria,linear,24522,P9WIN9,124,143,20,5.0,0.25,True,True,True,0.9,5,0.25,False,
DiscoTope,RESP,Mycobacterium tuberculosis,bacteria,linear,24658,P9WMJ9,563,570,8,1.0,0.125,False,False,False,0.9,5,0.25,False,
DiscoTope,RESP,Bordetella pertussis,bacteria,linear,24697,P04977,100,117,18,6.0,0.333,True,True,True,0.9,5,0.25,False,
DiscoTope,RESP,Mycobacterium tuberculosis,bacteria,linear,25138,P9WMJ9,592,599,8,8.0,1.0,True,True,True,0.9,5,0.25,False,
DiscoTope,RESP,Mycobacterium tuberculosis,bacteria,linear,25315,P9WK61,76,95,20,3.0,0.15,False,False,False,0.9,5,0.25,False,
DiscoTope,RESP,Mycobacterium tuberculosis,bacteria,linear,25331,P9WGU1,123,143,21,0.0,0.0,False,False,False,0.9,5,0.25,False,
DiscoTope,RESP,Mycobacterium tuberculosis,bacteria,linear,26348,P9WMJ9,558,565,8,4.0,0.5,False,True,True,0.9,5,0.25,False,
DiscoTope,RESP,Bordetella pertussis,bacteria,linear,26839,P05788,54,60,7,1.0,0.143,False,False,False,0.9,5,0.25,False,
DiscoTope,RESP,Mycobacterium tuberculosis,bacteria,linear,26877,P9WPE5,6,15,10,2.0,0.2,False,False,False,0.9,5,0.25,False,
DiscoTope,RESP,Mycobacterium tuberculosis,bacteria,linear,26942,P9WPE5,79,88,10,2.0,0.2,False,False,False,0.9,5,0.25,False,
DiscoTope,RESP,Mycobacterium tuberculosis,bacteria,linear,27389,P9WMK1,121,140,20,1.0,0.05,False,False,False,0.9,5,0.25,False,
DiscoTope,RESP,Streptococcus pneumoniae,bacteria,linear,28197,Q97QP7,420,457,38,28.0,0.737,True,True,True,0.9,5,0.25,False,
DiscoTope,RESP,Streptococcus pneumoniae,bacteria,linear,28277,P0C2J9,425,439,15,8.0,0.533,True,True,True,0.9,5,0.25,False,
DiscoTope,RESP,Bordetella pertussis,bacteria,linear,28339,P17835,125,131,7,7.0,1.0,True,True,True,0.9,5,0.25,False,
DiscoTope,RESP,Mycobacterium tuberculosis,bacteria,linear,28365,P9WNK5,76,90,15,0.0,0.0,False,False,False,0.9,5,0.25,False,
DiscoTope,RESP,Mycobacterium tuberculosis,bacteria,linear,28505,P9WNK5,21,35,15,4.0,0.267,False,True,True,0.9,5,0.25,False,
DiscoTope,RESP,Haemophilus influenzae,bacteria,linear,28907,P10324,60,74,15,3.0,0.2,False,False,False,0.9,5,0.25,False,
DiscoTope,RESP,Haemophilus influenzae,bacteria,linear,29018,P43839,289,300,12,0.0,0.0,False,False,False,0.9,5,0.25,False,
DiscoTope,RESP,Bordetella pertussis,bacteria,linear,29126,P05788,170,174,5,2.0,0.4,False,True,True,0.9,5,0.25,False,
DiscoTope,RESP,Mycobacterium tuberculosis,bacteria,linear,29197,P9WPE7,409,418,10,0.0,0.0,False,False,False,0.9,5,0.25,False,
DiscoTope,RESP,Mycobacterium tuberculosis,bacteria,linear,29683,P9WPE5,70,79,10,6.0,0.6,True,True,True,0.9,5,0.25,False,
DiscoTope,RESP,Mycobacterium tuberculosis,bacteria,linear,29972,P9WPE7,121,135,15,0.0,0.0,False,False,False,0.9,5,0.25,False,
DiscoTope,RESP,Mycobacterium tuberculosis,bacteria,linear,30877,P9WMJ9,522,529,8,0.0,0.0,False,False,False,0.9,5,0.25,False,
DiscoTope,RESP,Bordetella pertussis,bacteria,linear,31932,P17835,58,64,7,4.0,0.571,False,True,True,0.9,5,0.25,False,
DiscoTope,RESP,Mycobacterium tuberculosis,bacteria,linear,32213,P9WQP1,239,247,9,0.0,0.0,False,False,False,0.9,5,0.25,False,
DiscoTope,RESP,Bordetella pertussis,bacteria,linear,32418,P05788,88,94,7,0.0,0.0,False,False,False,0.9,5,0.25,False,
DiscoTope,RESP,Mycobacterium tuberculosis,bacteria,linear,32692,P9WPE7,521,535,15,7.0,0.467,True,True,True,0.9,5,0.25,False,
DiscoTope,RESP,Mycobacterium tuberculosis,bacteria,linear,32787,P9WPE5,7,16,10,2.0,0.2,False,False,False,0.9,5,0.25,False,
DiscoTope,RESP,Mycobacterium tuberculosis,bacteria,linear,32964,P9WGU1,201,220,20,11.0,0.55,True,True,True,0.9,5,0.25,False,
DiscoTope,RESP,Mycobacterium tuberculosis,bacteria,linear,32971,P9WNK5,66,80,15,0.0,0.0,False,False,False,0.9,5,0.25,False,
DiscoTope,RESP,Mycobacterium tuberculosis,bacteria,linear,33161,P9WPE5,57,66,10,3.0,0.3,False,True,True,0.9,5,0.25,False,
DiscoTope,RESP,Haemophilus influenzae,bacteria,linear,33206,P43839,185,192,8,8.0,1.0,True,True,True,0.9,5,0.25,False,
DiscoTope,RESP,Streptococcus pneumoniae,bacteria,linear,33222,P0C2J9,450,458,9,0.0,0.0,False,False,False,0.9,5,0.25,False,
DiscoTope,RESP,Mycobacterium tuberculosis,bacteria,linear,33707,P9WPE7,3,13,11,2.0,0.182,False,False,False,0.9,5,0.25,False,
DiscoTope,RESP,Mycobacterium tuberculosis,bacteria,linear,33799,P9WNF5,118,125,8,3.0,0.375,False,True,True,0.9,5,0.25,False,
DiscoTope,RESP,Mycobacterium tuberculosis,bacteria,linear,33831,P9WNK5,26,40,15,6.0,0.4,True,True,True,0.9,5,0.25,False,
DiscoTope,RESP,Mycobacterium tuberculosis,bacteria,linear,33951,P9WPE7,441,455,15,1.0,0.067,False,False,False,0.9,5,0.25,False,
DiscoTope,RESP,Mycobacterium tuberculosis,bacteria,linear,34138,P9WPE5,3,12,10,2.0,0.2,False,False,False,0.9,5,0.25,False,
DiscoTope,RESP,Mycobacterium tuberculosis,bacteria,linear,34154,P9WMJ9,535,542,8,1.0,0.125,False,False,False,0.9,5,0.25,False,
DiscoTope,RESP,Mycobacterium tuberculosis,bacteria,linear,34218,P9WPE7,27,36,10,2.0,0.2,False,False,False,0.9,5,0.25,False,
DiscoTope,RESP,Bordetella pertussis,bacteria,linear,34243,P05788,28,44,17,3.0,0.176,False,False,False,0.9,5,0.25,False,
DiscoTope,RESP,Bordetella pertussis,bacteria,linear,34244,P17835,31,47,17,4.0,0.235,False,False,False,0.9,5,0.25,False,
DiscoTope,RESP,Mycobacterium tuberculosis,bacteria,linear,34435,P9WPE5,73,82,10,7.0,0.7,True,True,True,0.9,5,0.25,False,
DiscoTope,RESP,Mycobacterium tuberculosis,bacteria,linear,34539,P9WPE5,80,89,10,1.0,0.1,False,False,False,0.9,5,0.25,False,
DiscoTope,RESP,Mycobacterium tuberculosis,bacteria,linear,34776,P9WQP1,31,50,20,7.0,0.35,True,True,True,0.9,5,0.25,False,
DiscoTope,RESP,Bordetella pertussis,bacteria,linear,34809,P04977,165,176,12,1.0,0.083,False,False,False,0.9,5,0.25,False,
DiscoTope,RESP,Mycobacterium tuberculosis,bacteria,linear,34833,P9WPE7,367,376,10,0.0,0.0,False,False,False,0.9,5,0.25,False,
DiscoTope,RESP,Mycobacterium tuberculosis,bacteria,linear,34927,P9WNK5,11,25,15,1.0,0.067,False,False,False,0.9,5,0.25,False,
DiscoTope,RESP,Mycobacterium tuberculosis,bacteria,linear,34949,P9WNK7,72,95,24,0.0,0.0,False,False,False,0.9,5,0.25,False,
DiscoTope,RESP,Mycobacterium tuberculosis,bacteria,linear,35139,P9WNK7,29,44,16,10.0,0.625,True,True,True,0.9,5,0.25,False,
DiscoTope,RESP,Mycobacterium tuberculosis,bacteria,linear,35316,P9WPE5,61,75,15,4.0,0.267,False,True,True,0.9,5,0.25,False,
DiscoTope,RESP,Bordetella pertussis,bacteria,linear,35509,P04977,98,119,22,7.0,0.318,True,True,True,0.9,5,0.25,False,
DiscoTope,RESP,Mycobacterium tuberculosis,bacteria,linear,35646,P9WPE7,457,472,16,6.0,0.375,True,True,True,0.9,5,0.25,False,
DiscoTope,RESP,Mycobacterium tuberculosis,bacteria,linear,35787,P9WMK1,21,40,20,3.0,0.15,False,False,False,0.9,5,0.25,False,
DiscoTope,RESP,Mycobacterium tuberculosis,bacteria,linear,35923,P9WGU1,64,83,20,5.0,0.25,True,True,True,0.9,5,0.25,False,
DiscoTope,RESP,Mycobacterium tuberculosis,bacteria,linear,36205,P9WPE7,113,124,12,0.0,0.0,False,False,False,0.9,5,0.25,False,
DiscoTope,RESP,Mycobacterium tuberculosis,bacteria,linear,36614,P9WPE5,87,96,10,1.0,0.1,False,False,False,0.9,5,0.25,False,
DiscoTope,RESP,Bordetella pertussis,bacteria,linear,36955,P17835,69,75,7,2.0,0.286,False,True,True,0.9,5,0.25,False,
DiscoTope,RESP,Mycobacterium tuberculosis,bacteria,linear,37038,P9WNF5,117,124,8,3.0,0.375,False,True,True,0.9,5,0.25,False,
DiscoTope,RESP,Mycobacterium tuberculosis,bacteria,linear,37040,P9WNK5,25,37,13,4.0,0.308,False,True,True,0.9,5,0.25,False,
DiscoTope,RESP,Mycobacterium tuberculosis,bacteria,linear,38169,P9WQP1,311,325,15,0.0,0.0,False,False,False,0.9,5,0.25,False,
DiscoTope,RESP,Mycobacterium tuberculosis,bacteria,linear,38259,P9WMJ9,541,548,8,0.0,0.0,False,False,False,0.9,5,0.25,False,
DiscoTope,RESP,Mycobacterium tuberculosis,bacteria,linear,38333,P9WNF5,91,110,20,3.0,0.15,False,False,False,0.9,5,0.25,False,
DiscoTope,RESP,Mycobacterium tuberculosis,bacteria,linear,38439,P9WQN7,124,138,15,3.0,0.2,False,False,False,0.9,5,0.25,False,
DiscoTope,RESP,Mycobacterium tuberculosis,bacteria,linear,38555,P9WIP9,159,199,111,6.0,0.054,True,False,True,0.9,5,0.25,False,
DiscoTope,RESP,Mycobacterium tuberculosis,bacteria,linear,38988,P9WNK3,25,39,15,5.0,0.333,True,True,True,0.9,5,0.25,False,
DiscoTope,RESP,Mycobacterium tuberculosis,bacteria,linear,39011,P9WQP1,51,70,20,4.0,0.2,False,False,False,0.9,5,0.25,False,
DiscoTope,RESP,Bordetella pertussis,bacteria,linear,39107,P04978,62,77,16,6.0,0.375,True,True,True,0.9,5,0.25,False,
DiscoTope,RESP,Mycobacterium tuberculosis,bacteria,linear,39167,P9WMK1,31,40,10,1.0,0.1,False,False,False,0.9,5,0.25,False,
DiscoTope,RESP,Mycobacterium tuberculosis,bacteria,linear,39169,P9WMK1,31,50,20,3.0,0.15,False,False,False,0.9,5,0.25,False,
DiscoTope,RESP,Bordetella pertussis,bacteria,linear,39195,P04979,177,204,28,5.0,0.179,True,False,True,0.9,5,0.25,False,
DiscoTope,RESP,Mycobacterium tuberculosis,bacteria,linear,39216,P9WMJ9,582,589,8,0.0,0.0,False,False,False,0.9,5,0.25,False,
DiscoTope,RESP,Bordetella pertussis,bacteria,linear,39254,P17835,152,156,5,3.0,0.6,False,True,True,0.9,5,0.25,False,
DiscoTope,RESP,Mycobacterium tuberculosis,bacteria,linear,39354,P9WHZ5,382,393,12,0.0,0.0,False,False,False,0.9,5,0.25,False,
DiscoTope,RESP,Mycobacterium tuberculosis,bacteria,linear,39449,P9WQP1,106,120,15,1.0,0.067,False,False,False,0.9,5,0.25,False,
DiscoTope,RESP,Haemophilus influenzae,bacteria,linear,39731,P43838,406,434,29,7.0,0.241,True,False,True,0.9,5,0.25,False,
DiscoTope,RESP,Bordetella pertussis,bacteria,linear,39916,P04978,213,226,14,0.0,0.0,False,False,False,0.9,5,0.25,False,
DiscoTope,RESP,Mycobacterium tuberculosis,bacteria,linear,40164,P9WQP1,101,115,15,1.0,0.067,False,False,False,0.9,5,0.25,False,
DiscoTope,RESP,Mycobacterium tuberculosis,bacteria,linear,40165,P9WQP1,141,160,20,2.0,0.1,False,False,False,0.9,5,0.25,False,
DiscoTope,RESP,Haemophilus influenzae,bacteria,linear,40566,P43840,136,159,24,18.0,0.75,True,True,True,0.9,5,0.25,False,
DiscoTope,RESP,Mycobacterium tuberculosis,bacteria,linear,40649,P9WMJ9,516,523,8,0.0,0.0,False,False,False,0.9,5,0.25,False,
DiscoTope,RESP,Mycobacterium tuberculosis,bacteria,linear,41028,P9WNK5,1,15,15,0.0,0.0,False,False,False,0.9,5,0.25,False,
DiscoTope,RESP,Mycobacterium tuberculosis,bacteria,linear,41066,P9WPE7,1,15,15,2.0,0.133,False,False,False,0.9,5,0.25,False,
DiscoTope,RESP,Mycobacterium tuberculosis,bacteria,linear,41071,P9WPE5,1,15,15,2.0,0.133,False,False,False,0.9,5,0.25,False,
DiscoTope,RESP,Mycobacterium tuberculosis,bacteria,linear,41754,P9WNF3,1,13,13,0.0,0.0,False,False,False,0.9,5,0.25,False,
DiscoTope,RESP,Mycobacterium tuberculosis,bacteria,linear,41840,P9WGU1,1,20,20,7.0,0.35,True,True,True,0.9,5,0.25,False,
DiscoTope,RESP,Mycobacterium tuberculosis,bacteria,linear,42039,P9WPE7,286,299,14,0.0,0.0,False,False,False,0.9,5,0.25,False,
DiscoTope,RESP,Mycobacterium tuberculosis,bacteria,linear,42633,P9WK61,145,159,15,4.0,0.267,False,True,True,0.9,5,0.25,False,
DiscoTope,RESP,Mycobacterium tuberculosis,bacteria,linear,42790,P9WQP1,1,20,20,8.0,0.4,True,True,True,0.9,5,0.25,False,
DiscoTope,RESP,Mycobacterium tuberculosis,bacteria,linear,42795,P9WNK7,1,16,16,0.0,0.0,False,False,False,0.9,5,0.25,False,
DiscoTope,RESP,Mycobacterium tuberculosis,bacteria,linear,42797,P9WNK7,1,20,20,0.0,0.0,False,False,False,0.9,5,0.25,False,
DiscoTope,RESP,Mycobacterium tuberculosis,bacteria,linear,43110,P9WNF5,103,107,5,1.0,0.2,False,False,False,0.9,5,0.25,False,
DiscoTope,RESP,Mycobacterium tuberculosis,bacteria,linear,43123,P9WPE7,503,512,10,0.0,0.0,False,False,False,0.9,5,0.25,False,
DiscoTope,RESP,Mycobacterium tuberculosis,bacteria,linear,43332,P9WQP1,291,310,20,3.0,0.15,False,False,False,0.9,5,0.25,False,
DiscoTope,RESP,Mycobacterium tuberculosis,bacteria,linear,43514,P9WQP1,231,250,20,0.0,0.0,False,False,False,0.9,5,0.25,False,
DiscoTope,RESP,Haemophilus influenzae,bacteria,linear,43954,P10324,30,44,15,1.0,0.067,False,False,False,0.9,5,0.25,False,
DiscoTope,RESP,Mycobacterium tuberculosis,bacteria,linear,43976,P9WPE5,82,91,10,0.0,0.0,False,False,False,0.9,5,0.25,False,
DiscoTope,RESP,Mycobacterium tuberculosis,bacteria,linear,43977,P9WPE5,82,96,15,1.0,0.067,False,False,False,0.9,5,0.25,False,
DiscoTope,RESP,Mycobacterium tuberculosis,bacteria,linear,44231,P9WHZ5,207,218,12,2.0,0.167,False,False,False,0.9,5,0.25,False,
DiscoTope,RESP,Mycobacterium tuberculosis,bacteria,linear,44268,P9WPE5,5,14,10,2.0,0.2,False,False,False,0.9,5,0.25,False,
DiscoTope,RESP,Mycobacterium tuberculosis,bacteria,linear,44381,P9WIN9,94,113,20,4.0,0.2,False,False,False,0.9,5,0.25,False,
DiscoTope,RESP,Mycobacterium tuberculosis,bacteria,linear,44613,P9WMJ9,542,549,8,0.0,0.0,False,False,False,0.9,5,0.25,False,
DiscoTope,RESP,Mycobacterium tuberculosis,bacteria,linear,45207,P9WNF5,66,73,8,2.0,0.25,False,True,True,0.9,5,0.25,False,
DiscoTope,RESP,Mycobacterium tuberculosis,bacteria,linear,45250,P9WQP1,71,90,20,3.0,0.15,False,False,False,0.9,5,0.25,False,
DiscoTope,RESP,Mycobacterium tuberculosis,bacteria,linear,45390,P9WPE7,50,64,15,0.0,0.0,False,False,False,0.9,5,0.25,False,
DiscoTope,RESP,Mycobacterium tuberculosis,bacteria,linear,45462,P9WNF5,82,89,8,2.0,0.25,False,True,True,0.9,5,0.25,False,
DiscoTope,RESP,Mycobacterium tuberculosis,bacteria,linear,45489,P9WNF5,45,52,8,2.0,0.25,False,True,True,0.9,5,0.25,False,
DiscoTope,RESP,Haemophilus influenzae,bacteria,linear,45571,P43838,206,215,10,7.0,0.7,True,True,True,0.9,5,0.25,False,
DiscoTope,RESP,Mycobacterium tuberculosis,bacteria,linear,45757,O07414,105,118,14,9.0,0.643,True,True,True,0.9,5,0.25,False,
DiscoTope,RESP,Mycobacterium tuberculosis,bacteria,linear,46500,P9WNK7,21,36,16,3.0,0.188,False,False,False,0.9,5,0.25,False,
DiscoTope,RESP,Mycobacterium tuberculosis,bacteria,linear,46508,P9WNF5,141,147,7,2.0,0.286,False,True,True,0.9,5,0.25,False,
DiscoTope,RESP,Mycobacterium tuberculosis,bacteria,linear,46806,P9WQN7,97,111,15,4.0,0.267,False,True,True,0.9,5,0.25,False,
DiscoTope,RESP,Mycobacterium tuberculosis,bacteria,linear,47209,P9WPE5,31,45,15,7.0,0.467,True,True,True,0.9,5,0.25,False,
DiscoTope,RESP,Mycobacterium tuberculosis,bacteria,linear,47260,P9WMJ9,537,544,8,0.0,0.0,False,False,False,0.9,5,0.25,False,
DiscoTope,RESP,Mycobacterium tuberculosis,bacteria,linear,47643,P9WPE7,277,286,10,4.0,0.4,False,True,True,0.9,5,0.25,False,
DiscoTope,RESP,Mycobacterium tuberculosis,bacteria,linear,47769,P9WMJ9,572,579,8,0.0,0.0,False,False,False,0.9,5,0.25,False,
DiscoTope,RESP,Bordetella pertussis,bacteria,linear,48027,P04979,37,51,15,5.0,0.333,True,True,True,0.9,5,0.25,False,
DiscoTope,RESP,Mycobacterium tuberculosis,bacteria,linear,48071,P9WPE7,32,41,10,4.0,0.4,False,True,True,0.9,5,0.25,False,
DiscoTope,RESP,Mycobacterium tuberculosis,bacteria,linear,48343,P9WPE7,112,121,10,0.0,0.0,False,False,False,0.9,5,0.25,False,
DiscoTope,RESP,Mycobacterium tuberculosis,bacteria,linear,48384,P9WPE7,447,456,10,2.0,0.2,False,False,False,0.9,5,0.25,False,
DiscoTope,RESP,Mycobacterium tuberculosis,bacteria,linear,48646,P9WQP1,258,270,13,10.0,0.769,True,True,True,0.9,5,0.25,False,
DiscoTope,RESP,Bordetella pertussis,bacteria,linear,48751,P04977,37,50,14,1.0,0.071,False,False,False,0.9,5,0.25,False,
DiscoTope,RESP,Mycobacterium tuberculosis,bacteria,linear,48905,P9WMJ9,596,603,8,8.0,1.0,True,True,True,0.9,5,0.25,False,
DiscoTope,RESP,Bordetella pertussis,bacteria,linear,48992,P04978,36,50,15,5.0,0.333,True,True,True,0.9,5,0.25,False,
DiscoTope,RESP,Bordetella pertussis,bacteria,linear,48993,P04978,36,53,18,6.0,0.333,True,True,True,0.9,5,0.25,False,
DiscoTope,RESP,Bordetella pertussis,bacteria,linear,49057,P14283,579,603,25,22.0,0.88,True,True,True,0.9,5,0.25,False,
DiscoTope,RESP,Mycobacterium tuberculosis,bacteria,linear,49147,P9WNF5,83,90,8,3.0,0.375,False,True,True,0.9,5,0.25,False,
DiscoTope,RESP,Mycobacterium tuberculosis,bacteria,linear,49246,P9WMJ9,597,604,8,7.0,0.875,True,True,True,0.9,5,0.25,False,
DiscoTope,RESP,Mycobacterium tuberculosis,bacteria,linear,49333,P9WQP3,259,273,15,10.0,0.667,True,True,True,0.9,5,0.25,False,
DiscoTope,RESP,Mycobacterium tuberculosis,bacteria,linear,49421,P9WQP1,201,220,20,11.0,0.55,True,True,True,0.9,5,0.25,False,
DiscoTope,RESP,Mycobacterium tuberculosis,bacteria,linear,49716,P9WNF5,101,120,20,11.0,0.55,True,True,True,0.9,5,0.25,False,
DiscoTope,RESP,Mycobacterium tuberculosis,bacteria,linear,49872,P9WQP1,111,130,20,6.0,0.3,True,True,True,0.9,5,0.25,False,
DiscoTope,RESP,Bordetella pertussis,bacteria,linear,50304,P17835,64,70,7,3.0,0.429,False,True,True,0.9,5,0.25,False,
DiscoTope,RESP,Mycobacterium tuberculosis,bacteria,linear,50442,P9WQP1,281,300,20,4.0,0.2,False,False,False,0.9,5,0.25,False,
DiscoTope,RESP,Mycobacterium tuberculosis,bacteria,linear,50512,P9WNF5,57,60,4,0.0,0.0,False,False,False,0.9,5,0.25,False,
DiscoTope,RESP,Mycobacterium tuberculosis,bacteria,linear,50549,P9WNK5,13,27,15,2.0,0.133,False,False,False,0.9,5,0.25,False,
DiscoTope,RESP,Mycobacterium tuberculosis,bacteria,linear,50617,P9WPE7,349,364,16,11.0,0.688,True,True,True,0.9,5,0.25,False,
DiscoTope,RESP,Bordetella pertussis,bacteria,linear,50678,P04978,37,50,14,5.0,0.357,True,True,True,0.9,5,0.25,False,
DiscoTope,RESP,Mycobacterium tuberculosis,bacteria,linear,50981,P9WNK7,52,75,24,3.0,0.125,False,False,False,0.9,5,0.25,False,
DiscoTope,RESP,Mycobacterium tuberculosis,bacteria,linear,51040,P9WPE7,142,151,10,0.0,0.0,False,False,False,0.9,5,0.25,False,
DiscoTope,RESP,Bordetella pertussis,bacteria,linear,51548,P05788,98,103,6,3.0,0.5,False,True,True,0.9,5,0.25,False,
DiscoTope,RESP,Mycobacterium tuberculosis,bacteria,linear,52026,P9WQP1,181,200,20,3.0,0.15,False,False,False,0.9,5,0.25,False,
DiscoTope,RESP,Mycobacterium tuberculosis,bacteria,linear,52048,P9WNK7,55,67,13,1.0,0.077,False,False,False,0.9,5,0.25,False,
DiscoTope,RESP,Bordetella pertussis,bacteria,linear,52162,P04977,203,220,18,6.0,0.333,True,True,True,0.9,5,0.25,False,
DiscoTope,RESP,Mycobacterium tuberculosis,bacteria,linear,52501,P9WMJ9,519,526,8,0.0,0.0,False,False,False,0.9,5,0.25,False,
DiscoTope,RESP,Haemophilus influenzae,bacteria,linear,52548,P43839,288,299,12,0.0,0.0,False,False,False,0.9,5,0.25,False,
DiscoTope,RESP,Mycobacterium tuberculosis,bacteria,linear,52689,P9WNK5,31,45,15,9.0,0.6,True,True,True,0.9,5,0.25,False,
DiscoTope,RESP,Mycobacterium tuberculosis,bacteria,linear,52698,P9WMJ9,564,571,8,1.0,0.125,False,False,False,0.9,5,0.25,False,
DiscoTope,RESP,Mycobacterium tuberculosis,bacteria,linear,53107,P9WMJ9,600,607,8,7.0,0.875,True,True,True,0.9,5,0.25,False,
DiscoTope,RESP,Bordetella pertussis,bacteria,linear,53173,P04977,172,184,13,0.0,0.0,False,False,False,0.9,5,0.25,False,
DiscoTope,RESP,Mycobacterium tuberculosis,bacteria,linear,53303,P9WMJ9,594,601,8,8.0,1.0,True,True,True,0.9,5,0.25,False,
DiscoTope,RESP,Mycobacterium tuberculosis,bacteria,linear,53355,P9WMK1,71,90,20,12.0,0.6,True,True,True,0.9,5,0.25,False,
DiscoTope,RESP,Bordetella pertussis,bacteria,linear,53357,P04979,153,171,19,6.0,0.316,True,True,True,0.9,5,0.25,False,
DiscoTope,RESP,Mycobacterium tuberculosis,bacteria,linear,53689,P9WPE7,192,201,10,1.0,0.1,False,False,False,0.9,5,0.25,False,
DiscoTope,RESP,Mycobacterium tuberculosis,bacteria,linear,53833,P9WHZ5,213,224,12,3.0,0.25,False,True,True,0.9,5,0.25,False,
DiscoTope,RESP,Mycobacterium tuberculosis,bacteria,linear,54157,P9WMJ9,557,564,8,5.0,0.625,True,True,True,0.9,5,0.25,False,
DiscoTope,RESP,Bordetella pertussis,bacteria,linear,54180,P04977,117,127,11,0.0,0.0,False,False,False,0.9,5,0.25,False,
DiscoTope,RESP,Bordetella pertussis,bacteria,linear,54216,P04977,135,145,11,3.0,0.273,False,True,True,0.9,5,0.25,False,
DiscoTope,RESP,Bordetella pertussis,bacteria,linear,54291,P05788,114,120,7,6.0,0.857,True,True,True,0.9,5,0.25,False,
DiscoTope,RESP,Bordetella pertussis,bacteria,linear,54474,P17835,116,122,7,7.0,1.0,True,True,True,0.9,5,0.25,False,
DiscoTope,RESP,Mycobacterium tuberculosis,bacteria,linear,55019,P9WPE7,467,476,10,2.0,0.2,False,False,False,0.9,5,0.25,False,
DiscoTope,RESP,Mycobacterium tuberculosis,bacteria,linear,55157,P9WHZ5,376,387,12,2.0,0.167,False,False,False,0.9,5,0.25,False,
DiscoTope,RESP,Mycobacterium tuberculosis,bacteria,linear,55158,P9WHZ5,376,399,24,3.0,0.125,False,False,False,0.9,5,0.25,False,
DiscoTope,RESP,Bordetella pertussis,bacteria,linear,55389,P04977,238,256,19,13.0,0.684,True,True,True,0.9,5,0.25,False,
DiscoTope,RESP,Haemophilus influenzae,bacteria,linear,55492,P43839,287,298,12,1.0,0.083,False,False,False,0.9,5,0.25,False,
DiscoTope,RESP,Mycobacterium tuberculosis,bacteria,linear,55523,P9WMJ9,599,606,8,7.0,0.875,True,True,True,0.9,5,0.25,False,
DiscoTope,RESP,Mycobacterium tuberculosis,bacteria,linear,55625,P9WPE7,282,291,10,0.0,0.0,False,False,False,0.9,5,0.25,False,
DiscoTope,RESP,Mycobacterium tuberculosis,bacteria,linear,55706,P9WMJ9,598,605,8,7.0,0.875,True,True,True,0.9,5,0.25,False,
DiscoTope,RESP,Haemophilus influenzae,bacteria,linear,55818,P43840,138,156,19,17.0,0.895,True,True,True,0.9,5,0.25,False,
DiscoTope,RESP,Mycobacterium tuberculosis,bacteria,linear,55967,P9WMJ9,583,590,8,0.0,0.0,False,False,False,0.9,5,0.25,False,
DiscoTope,RESP,Mycobacterium tuberculosis,bacteria,linear,56043,P9WMK1,81,100,20,15.0,0.75,True,True,True,0.9,5,0.25,False,
DiscoTope,RESP,Bordetella pertussis,bacteria,linear,56306,P04978,191,209,19,1.0,0.053,False,False,False,0.9,5,0.25,False,
DiscoTope,RESP,Bordetella pertussis,bacteria,linear,56461,P04977,146,156,11,1.0,0.091,False,False,False,0.9,5,0.25,False,
DiscoTope,RESP,Bordetella pertussis,bacteria,linear,56519,P04977,9,19,11,2.0,0.182,False,False,False,0.9,5,0.25,False,
DiscoTope,RESP,Mycobacterium tuberculosis,bacteria,linear,56895,P9WQP1,171,190,20,0.0,0.0,False,False,False,0.9,5,0.25,False,
DiscoTope,RESP,Mycobacterium tuberculosis,bacteria,linear,57244,P9WMJ9,580,587,8,0.0,0.0,False,False,False,0.9,5,0.25,False,
DiscoTope,RESP,Haemophilus influenzae,bacteria,linear,57289,P43839,284,295,12,2.0,0.167,False,False,False,0.9,5,0.25,False,
DiscoTope,RESP,Mycobacterium tuberculosis,bacteria,linear,57415,P9WMK1,91,104,14,6.0,0.429,True,True,True,0.9,5,0.25,False,
DiscoTope,RESP,Mycobacterium tuberculosis,bacteria,linear,57680,L0T2W6,329,343,15,6.0,0.4,True,True,True,0.9,5,0.25,False,
DiscoTope,RESP,Bordetella pertussis,bacteria,linear,57692,P04977,162,181,20,1.0,0.05,False,False,False,0.9,5,0.25,False,
DiscoTope,RESP,Haemophilus influenzae,bacteria,linear,57787,P43840,38,50,13,8.0,0.615,True,True,True,0.9,5,0.25,False,
DiscoTope,RESP,Haemophilus influenzae,bacteria,linear,57788,P43840,38,65,28,14.0,0.5,True,True,True,0.9,5,0.25,False,
DiscoTope,RESP,Mycobacterium tuberculosis,bacteria,linear,57981,P9WMJ9,577,584,8,0.0,0.0,False,False,False,0.9,5,0.25,False,
DiscoTope,RESP,Mycobacterium tuberculosis,bacteria,linear,58022,P9WK61,31,50,20,0.0,0.0,False,False,False,0.9,5,0.25,False,
DiscoTope,RESP,Mycobacterium tuberculosis,bacteria,linear,58963,P9WMJ9,534,541,8,1.0,0.125,False,False,False,0.9,5,0.25,False,
DiscoTope,RESP,Mycobacterium tuberculosis,bacteria,linear,58969,P9WPE5,72,81,10,7.0,0.7,True,True,True,0.9,5,0.25,False,
DiscoTope,RESP,Mycobacterium tuberculosis,bacteria,linear,59629,P9WQP1,126,140,15,6.0,0.4,True,True,True,0.9,5,0.25,False,
DiscoTope,RESP,Mycobacterium tuberculosis,bacteria,linear,59869,P9WNF5,65,69,5,1.0,0.2,False,False,False,0.9,5,0.25,False,
DiscoTope,RESP,Streptococcus pneumoniae,bacteria,linear,60021,Q97QP7,458,493,36,28.0,0.778,True,True,True,0.9,5,0.25,False,
DiscoTope,RESP,Haemophilus influenzae,bacteria,linear,60567,P43839,286,297,12,2.0,0.167,False,False,False,0.9,5,0.25,False,
DiscoTope,RESP,Bordetella pertussis,bacteria,linear,60914,P17835,105,109,5,1.0,0.2,False,False,False,0.9,5,0.25,False,
DiscoTope,RESP,Mycobacterium tuberculosis,bacteria,linear,60953,P9WQP1,223,234,12,5.0,0.417,True,True,True,0.9,5,0.25,False,
DiscoTope,RESP,Haemophilus influenzae,bacteria,linear,60959,P43839,283,294,12,2.0,0.167,False,False,False,0.9,5,0.25,False,
DiscoTope,RESP,Mycobacterium tuberculosis,bacteria,linear,61020,P9WMJ9,585,592,8,1.0,0.125,False,False,False,0.9,5,0.25,False,
DiscoTope,RESP,Bordetella pertussis,bacteria,linear,61157,P05788,61,67,7,3.0,0.429,False,True,True,0.9,5,0.25,False,
DiscoTope,RESP,Haemophilus influenzae,bacteria,linear,61337,P43839,282,293,12,2.0,0.167,False,False,False,0.9,5,0.25,False,
DiscoTope,RESP,Mycobacterium tuberculosis,bacteria,linear,61340,P9WMJ9,584,591,8,0.0,0.0,False,False,False,0.9,5,0.25,False,
DiscoTope,RESP,Mycobacterium tuberculosis,bacteria,linear,61524,P9WNF5,176,183,8,0.0,0.0,False,False,False,0.9,5,0.25,False,
DiscoTope,RESP,Mycobacterium tuberculosis,bacteria,linear,61578,P9WNK7,85,95,11,0.0,0.0,False,False,False,0.9,5,0.25,False,
DiscoTope,RESP,Bordetella pertussis,bacteria,linear,61818,P04978,28,34,7,0.0,0.0,False,False,False,0.9,5,0.25,False,
DiscoTope,RESP,Bordetella pertussis,bacteria,linear,61819,P04978,28,50,23,5.0,0.217,True,False,True,0.9,5,0.25,False,
DiscoTope,RESP,Bordetella pertussis,bacteria,linear,61920,P04977,86,97,12,1.0,0.083,False,False,False,0.9,5,0.25,False,
DiscoTope,RESP,Haemophilus influenzae,bacteria,linear,62033,P10324,40,54,15,3.0,0.2,False,False,False,0.9,5,0.25,False,
DiscoTope,RESP,Mycobacterium tuberculosis,bacteria,linear,62293,P9WNF5,51,55,5,0.0,0.0,False,False,False,0.9,5,0.25,False,
DiscoTope,RESP,Bordetella pertussis,bacteria,linear,62737,P05788,157,160,4,1.0,0.25,False,True,True,0.9,5,0.25,False,
DiscoTope,RESP,Mycobacterium tuberculosis,bacteria,linear,62998,P9WK61,41,60,20,2.0,0.1,False,False,False,0.9,5,0.25,False,
DiscoTope,RESP,Bordetella pertussis,bacteria,linear,63022,P04978,134,147,14,4.0,0.286,False,True,True,0.9,5,0.25,False,
DiscoTope,RESP,Haemophilus influenzae,bacteria,linear,63058,P43840,331,350,20,7.0,0.35,True,True,True,0.9,5,0.25,False,
DiscoTope,RESP,Mycobacterium tuberculosis,bacteria,linear,63146,O07417,199,213,15,0.0,0.0,False,False,False,0.9,5,0.25,False,
DiscoTope,RESP,Haemophilus influenzae,bacteria,linear,63231,P43839,281,292,12,2.0,0.167,False,False,False,0.9,5,0.25,False,
DiscoTope,RESP,Haemophilus influenzae,bacteria,linear,63242,P43839,280,291,12,2.0,0.167,False,False,False,0.9,5,0.25,False,
DiscoTope,RESP,Mycobacterium tuberculosis,bacteria,linear,63420,P9WMJ9,520,527,8,0.0,0.0,False,False,False,0.9,5,0.25,False,
DiscoTope,RESP,Bordetella pertussis,bacteria,linear,63586,P04977,94,107,14,2.0,0.143,False,False,False,0.9,5,0.25,False,
DiscoTope,RESP,Mycobacterium tuberculosis,bacteria,linear,63662,P9WPE7,180,188,9,2.0,0.222,False,False,False,0.9,5,0.25,False,
DiscoTope,RESP,Bordetella pertussis,bacteria,linear,63805,P05788,81,87,7,1.0,0.143,False,False,False,0.9,5,0.25,False,
DiscoTope,RESP,Mycobacterium tuberculosis,bacteria,linear,63850,P9WMJ9,590,597,8,6.0,0.75,True,True,True,0.9,5,0.25,False,
DiscoTope,RESP,Mycobacterium tuberculosis,bacteria,linear,63913,P9WNF5,47,79,33,4.0,0.121,False,False,False,0.9,5,0.25,False,
DiscoTope,RESP,Mycobacterium tuberculosis,bacteria,linear,63997,P9WPE7,479,491,13,6.0,0.462,True,True,True,0.9,5,0.25,False,
DiscoTope,RESP,Mycobacterium tuberculosis,bacteria,linear,64077,P9WQP1,261,275,15,10.0,0.667,True,True,True,0.9,5,0.25,False,
DiscoTope,RESP,Mycobacterium tuberculosis,bacteria,linear,64079,P9WQP1,301,320,20,2.0,0.1,False,False,False,0.9,5,0.25,False,
DiscoTope,RESP,Mycobacterium tuberculosis,bacteria,linear,64081,P9WQP3,304,323,20,2.0,0.1,False,False,False,0.9,5,0.25,False,
DiscoTope,RESP,Haemophilus influenzae,bacteria,linear,64486,P43839,288,299,12,0.0,0.0,False,False,False,0.9,5,0.25,False,
DiscoTope,RESP,Mycobacterium tuberculosis,bacteria,linear,64663,Q79FZ9,130,138,9,3.0,0.333,False,True,True,0.9,5,0.25,False,
DiscoTope,RESP,Mycobacterium tuberculosis,bacteria,linear,64915,P9WPE7,129,139,11,0.0,0.0,False,False,False,0.9,5,0.25,False,
DiscoTope,RESP,Mycobacterium tuberculosis,bacteria,linear,64980,P9WMJ9,540,547,8,0.0,0.0,False,False,False,0.9,5,0.25,False,
DiscoTope,RESP,Bordetella pertussis,bacteria,linear,66072,P04978,118,133,16,3.0,0.188,False,False,False,0.9,5,0.25,False,
DiscoTope,RESP,Haemophilus influenzae,bacteria,linear,66118,P43840,188,210,23,12.0,0.522,True,True,True,0.9,5,0.25,False,
DiscoTope,RESP,Haemophilus influenzae,bacteria,linear,66143,P43839,132,137,6,0.0,0.0,False,False,False,0.9,5,0.25,False,
DiscoTope,RESP,Bordetella pertussis,bacteria,linear,66442,P04977,53,64,12,4.0,0.333,False,True,True,0.9,5,0.25,False,
DiscoTope,RESP,Bordetella pertussis,bacteria,linear,66509,P17835,172,176,5,2.0,0.4,False,True,True,0.9,5,0.25,False,
DiscoTope,RESP,Haemophilus influenzae,bacteria,linear,66573,P43839,280,291,12,2.0,0.167,False,False,False,0.9,5,0.25,False,
DiscoTope,RESP,Haemophilus influenzae,bacteria,linear,66575,P43839,279,290,12,2.0,0.167,False,False,False,0.9,5,0.25,False,
DiscoTope,RESP,Haemophilus influenzae,bacteria,linear,66600,P43839,338,345,8,7.0,0.875,True,True,True,0.9,5,0.25,False,
DiscoTope,RESP,Mycobacterium tuberculosis,bacteria,linear,66767,Q79FZ9,124,140,17,6.0,0.353,True,True,True,0.9,5,0.25,False,
DiscoTope,RESP,Haemophilus influenzae,bacteria,linear,66844,P43839,279,290,12,2.0,0.167,False,False,False,0.9,5,0.25,False,
DiscoTope,RESP,Haemophilus influenzae,bacteria,linear,66845,P43839,278,289,12,2.0,0.167,False,False,False,0.9,5,0.25,False,
DiscoTope,RESP,Mycobacterium tuberculosis,bacteria,linear,67039,P9WPE5,68,77,10,4.0,0.4,False,True,True,0.9,5,0.25,False,
DiscoTope,RESP,Mycobacterium tuberculosis,bacteria,linear,67059,P9WPE7,92,101,10,0.0,0.0,False,False,False,0.9,5,0.25,False,
DiscoTope,RESP,Mycobacterium tuberculosis,bacteria,linear,67156,P9WMK1,101,120,20,4.0,0.2,False,False,False,0.9,5,0.25,False,
DiscoTope,RESP,Mycobacterium tuberculosis,bacteria,linear,67192,P9WPE5,42,51,10,2.0,0.2,False,False,False,0.9,5,0.25,False,
DiscoTope,RESP,Haemophilus influenzae,bacteria,linear,67222,P10324,50,59,10,2.0,0.2,False,False,False,0.9,5,0.25,False,
DiscoTope,RESP,Haemophilus influenzae,bacteria,linear,67223,P10324,50,64,15,5.0,0.333,True,True,True,0.9,5,0.25,False,
DiscoTope,RESP,Mycobacterium tuberculosis,bacteria,linear,67557,P9WMJ9,548,555,8,0.0,0.0,False,False,False,0.9,5,0.25,False,
DiscoTope,RESP,Mycobacterium tuberculosis,bacteria,linear,67569,P9WPE7,462,471,10,3.0,0.3,False,True,True,0.9,5,0.25,False,
DiscoTope,RESP,Mycobacterium tuberculosis,bacteria,linear,67601,P9WPE7,410,433,24,5.0,0.208,True,False,True,0.9,5,0.25,False,
DiscoTope,RESP,Mycobacterium tuberculosis,bacteria,linear,67607,P9WK61,16,35,20,0.0,0.0,False,False,False,0.9,5,0.25,False,
DiscoTope,RESP,Mycobacterium tuberculosis,bacteria,linear,67616,P9WMJ9,574,581,8,0.0,0.0,False,False,False,0.9,5,0.25,False,
DiscoTope,RESP,Mycobacterium tuberculosis,bacteria,linear,67697,P9WQP1,241,260,20,6.0,0.3,True,True,True,0.9,5,0.25,False,
DiscoTope,RESP,Bordetella pertussis,bacteria,linear,67712,P04979,29,51,23,6.0,0.261,True,True,True,0.9,5,0.25,False,
DiscoTope,RESP,Mycobacterium tuberculosis,bacteria,linear,67788,P9WPE5,44,53,10,3.0,0.3,False,True,True,0.9,5,0.25,False,
DiscoTope,RESP,Haemophilus influenzae,bacteria,linear,68032,P43839,48,75,28,9.0,0.321,True,True,True,0.9,5,0.25,False,
DiscoTope,RESP,Mycobacterium tuberculosis,bacteria,linear,68636,P9WMJ9,565,572,8,0.0,0.0,False,False,False,0.9,5,0.25,False,
DiscoTope,RESP,Bordetella pertussis,bacteria,linear,69124,P17835,9,14,6,0.0,0.0,False,False,False,0.9,5,0.25,False,
DiscoTope,RESP,Bordetella pertussis,bacteria,linear,69125,P05788,6,11,6,1.0,0.167,False,False,False,0.9,5,0.25,False,
DiscoTope,RESP,Mycobacterium tuberculosis,bacteria,linear,69171,P9WPE5,69,78,10,5.0,0.5,True,True,True,0.9,5,0.25,False,
DiscoTope,RESP,Haemophilus influenzae,bacteria,linear,69323,P43838,421,439,19,6.0,0.316,True,True,True,0.9,5,0.25,False,
DiscoTope,RESP,Mycobacterium tuberculosis,bacteria,linear,70010,P9WQP3,112,126,15,2.0,0.133,False,False,False,0.9,5,0.25,False,
DiscoTope,RESP,Mycobacterium tuberculosis,bacteria,linear,70101,P9WPE5,4,13,10,2.0,0.2,False,False,False,0.9,5,0.25,False,
DiscoTope,RESP,Mycobacterium tuberculosis,bacteria,linear,70113,P9WK61,148,154,7,1.0,0.143,False,False,False,0.9,5,0.25,False,
DiscoTope,RESP,Mycobacterium tuberculosis,bacteria,linear,70277,P9WMJ9,536,543,8,0.0,0.0,False,False,False,0.9,5,0.25,False,
DiscoTope,RESP,Bordetella pertussis,bacteria,linear,70651,P05788,141,157,17,6.0,0.353,True,True,True,0.9,5,0.25,False,
DiscoTope,RESP,Bordetella pertussis,bacteria,linear,70661,P05788,111,115,5,1.0,0.2,False,False,False,0.9,5,0.25,False,
DiscoTope,RESP,Mycobacterium tuberculosis,bacteria,linear,70686,P9WNK5,81,95,15,0.0,0.0,False,False,False,0.9,5,0.25,False,
DiscoTope,RESP,Mycobacterium tuberculosis,bacteria,linear,70720,P9WNK5,56,70,15,0.0,0.0,False,False,False,0.9,5,0.25,False,
DiscoTope,RESP,Bordetella pertussis,bacteria,linear,71006,P04978,194,207,14,1.0,0.071,False,False,False,0.9,5,0.25,False,
DiscoTope,RESP,Mycobacterium tuberculosis,bacteria,linear,71301,O07416,87,100,14,4.0,0.286,False,True,True,0.9,5,0.25,False,
DiscoTope,RESP,Mycobacterium tuberculosis,bacteria,linear,71325,P9WMJ9,589,596,8,5.0,0.625,True,True,True,0.9,5,0.25,False,
DiscoTope,RESP,Mycobacterium tuberculosis,bacteria,linear,71343,P9WK61,61,67,7,0.0,0.0,False,False,False,0.9,5,0.25,False,
DiscoTope,RESP,Mycobacterium tuberculosis,bacteria,linear,71346,P9WK61,61,80,20,4.0,0.2,False,False,False,0.9,5,0.25,False,
DiscoTope,RESP,Mycobacterium tuberculosis,bacteria,linear,71492,P9WNK7,22,45,24,11.0,0.458,True,True,True,0.9,5,0.25,False,
DiscoTope,RESP,Mycobacterium tuberculosis,bacteria,linear,71610,P9WPE5,43,52,10,2.0,0.2,False,False,False,0.9,5,0.25,False,
DiscoTope,RESP,Mycobacterium tuberculosis,bacteria,linear,71735,P9WPE7,37,46,10,7.0,0.7,True,True,True,0.9,5,0.25,False,
DiscoTope,RESP,Mycobacterium tuberculosis,bacteria,linear,72142,P9WMJ9,517,524,8,0.0,0.0,False,False,False,0.9,5,0.25,False,
DiscoTope,RESP,Bordetella pertussis,bacteria,linear,72153,P04977,41,48,8,0.0,0.0,False,False,False,0.9,5,0.25,False,
DiscoTope,RESP,Bordetella pertussis,bacteria,linear,72154,P04977,41,52,12,2.0,0.167,False,False,False,0.9,5,0.25,False,
DiscoTope,RESP,Mycobacterium tuberculosis,bacteria,linear,72292,P9WPE5,51,57,7,4.0,0.571,False,True,True,0.9,5,0.25,False,
DiscoTope,RESP,Mycobacterium tuberculosis,bacteria,linear,72294,P9WPE5,51,65,15,7.0,0.467,True,True,True,0.9,5,0.25,False,
DiscoTope,RESP,Mycobacterium tuberculosis,bacteria,linear,72314,P9WQP1,91,110,20,1.0,0.05,False,False,False,0.9,5,0.25,False,
DiscoTope,RESP,Mycobacterium tuberculosis,bacteria,linear,72515,P9WQP1,11,30,20,9.0,0.45,True,True,True,0.9,5,0.25,False,
DiscoTope,RESP,Mycobacterium tuberculosis,bacteria,linear,73020,P9WMJ9,593,600,8,8.0,1.0,True,True,True,0.9,5,0.25,False,
DiscoTope,RESP,Mycobacterium tuberculosis,bacteria,linear,73033,P9WMJ9,556,563,8,4.0,0.5,False,True,True,0.9,5,0.25,False,
DiscoTope,RESP,Mycobacterium tuberculosis,bacteria,linear,73311,P9WNF5,41,60,20,4.0,0.2,False,False,False,0.9,5,0.25,False,
DiscoTope,RESP,Haemophilus influenzae,bacteria,linear,73380,P43838,187,215,29,7.0,0.241,True,False,True,0.9,5,0.25,False,
DiscoTope,RESP,Mycobacterium tuberculosis,bacteria,linear,73535,P9WPE7,7,21,15,1.0,0.067,False,False,False,0.9,5,0.25,False,
DiscoTope,RESP,Mycobacterium tuberculosis,bacteria,linear,73690,P9WPE7,65,85,21,0.0,0.0,False,False,False,0.9,5,0.25,False,
DiscoTope,RESP,Mycobacterium tuberculosis,bacteria,linear,73784,P9WMK1,51,70,20,7.0,0.35,True,True,True,0.9,5,0.25,False,
DiscoTope,RESP,Bordetella pertussis,bacteria,linear,73808,P05788,70,76,7,2.0,0.286,False,True,True,0.9,5,0.25,False,
DiscoTope,RESP,Mycobacterium tuberculosis,bacteria,linear,73817,P9WMJ9,560,567,8,2.0,0.25,False,True,True,0.9,5,0.25,False,
DiscoTope,RESP,Bordetella pertussis,bacteria,linear,73983,P04977,145,159,15,3.0,0.2,False,False,False,0.9,5,0.25,False,
DiscoTope,RESP,Mycobacterium tuberculosis,bacteria,linear,74011,P9WPE5,74,83,10,6.0,0.6,True,True,True,0.9,5,0.25,False,
DiscoTope,RESP,Mycobacterium tuberculosis,bacteria,linear,74301,P9WPE7,217,226,10,3.0,0.3,False,True,True,0.9,5,0.25,False,
DiscoTope,RESP,Mycobacterium tuberculosis,bacteria,linear,74371,P9WPE7,197,206,10,1.0,0.1,False,False,False,0.9,5,0.25,False,
DiscoTope,RESP,Mycobacterium tuberculosis,bacteria,linear,74708,P9WPE5,86,95,10,1.0,0.1,False,False,False,0.9,5,0.25,False,
DiscoTope,RESP,Mycobacterium tuberculosis,bacteria,linear,75059,P9WNF5,183,190,8,0.0,0.0,False,False,False,0.9,5,0.25,False,
DiscoTope,RESP,Mycobacterium tuberculosis,bacteria,linear,75151,P9WPE5,81,90,10,1.0,0.1,False,False,False,0.9,5,0.25,False,
DiscoTope,RESP,Mycobacterium tuberculosis,bacteria,linear,75152,P9WPE5,81,95,15,2.0,0.133,False,False,False,0.9,5,0.25,False,
DiscoTope,RESP,Mycobacterium tuberculosis,bacteria,linear,75494,P9WNK7,51,59,9,3.0,0.333,False,True,True,0.9,5,0.25,False,
DiscoTope,RESP,Mycobacterium tuberculosis,bacteria,linear,75495,P9WNK7,51,70,20,3.0,0.15,False,False,False,0.9,5,0.25,False,
DiscoTope,RESP,Bordetella pertussis,bacteria,linear,75548,P04977,160,169,10,1.0,0.1,False,False,False,0.9,5,0.25,False,
DiscoTope,RESP,Mycobacterium tuberculosis,bacteria,linear,75560,P9WMJ9,518,525,8,0.0,0.0,False,False,False,0.9,5,0.25,False,
DiscoTope,RESP,Haemophilus influenzae,bacteria,linear,75571,P43840,184,201,18,13.0,0.722,True,True,True,0.9,5,0.25,False,
DiscoTope,RESP,Bordetella pertussis,bacteria,linear,75686,P04977,42,49,8,0.0,0.0,False,False,False,0.9,5,0.25,False,
DiscoTope,RESP,Mycobacterium tuberculosis,bacteria,linear,75785,P9WPE5,71,80,10,6.0,0.6,True,True,True,0.9,5,0.25,False,
DiscoTope,RESP,Bordetella pertussis,bacteria,linear,76494,P04979,201,227,27,2.0,0.074,False,False,False,0.9,5,0.25,False,
DiscoTope,RESP,Mycobacterium tuberculosis,bacteria,linear,76584,P9WQP1,101,120,20,1.0,0.05,False,False,False,0.9,5,0.25,False,
DiscoTope,RESP,Streptococcus pneumoniae,bacteria,linear,76625,P0C2J9,199,248,50,15.0,0.3,True,True,True,0.9,5,0.25,False,
DiscoTope,RESP,Bordetella pertussis,bacteria,linear,78107,P04977,124,138,15,0.0,0.0,False,False,False,0.9,5,0.25,False,
DiscoTope,RESP,Bordetella pertussis,bacteria,linear,78112,P04977,201,235,35,9.0,0.257,True,True,True,0.9,5,0.25,False,
DiscoTope,RESP,Bordetella pertussis,bacteria,linear,78113,P04977,41,64,24,6.0,0.25,True,True,True,0.9,5,0.25,False,
DiscoTope,RESP,Bordetella pertussis,bacteria,linear,78115,P04977,1,15,15,1.0,0.067,False,False,False,0.9,5,0.25,False,
DiscoTope,RESP,Bordetella pertussis,bacteria,linear,78159,P04977,121,138,18,0.0,0.0,False,False,False,0.9,5,0.25,False,
DiscoTope,RESP,Bordetella pertussis,bacteria,linear,78205,P04977,212,235,24,6.0,0.25,True,True,True,0.9,5,0.25,False,
DiscoTope,RESP,Bordetella pertussis,bacteria,linear,78213,P04977,223,235,13,1.0,0.077,False,False,False,0.9,5,0.25,False,
DiscoTope,RESP,Bordetella pertussis,bacteria,linear,78223,P04977,4,18,15,2.0,0.133,False,False,False,0.9,5,0.25,False,
DiscoTope,RESP,Bordetella pertussis,bacteria,linear,78318,P04977,10,18,9,2.0,0.222,False,False,False,0.9,5,0.25,False,
DiscoTope,RESP,Bordetella pertussis,bacteria,linear,78375,P17835,74,83,10,1.0,0.1,False,False,False,0.9,5,0.25,False,
DiscoTope,RESP,Bordetella pertussis,bacteria,linear,78392,P05788,82,101,20,4.0,0.2,False,False,False,0.9,5,0.25,False,
DiscoTope,RESP,Bordetella pertussis,bacteria,linear,78434,P05788,161,181,21,5.0,0.238,True,False,True,0.9,5,0.25,False,
DiscoTope,RESP,Bordetella pertussis,bacteria,linear,78437,P17835,142,160,19,6.0,0.316,True,True,True,0.9,5,0.25,False,
DiscoTope,RESP,Bordetella pertussis,bacteria,linear,78490,P17835,64,98,35,7.0,0.2,True,False,True,0.9,5,0.25,False,
DiscoTope,RESP,Bordetella pertussis,bacteria,linear,78568,P05788,91,100,10,2.0,0.2,False,False,False,0.9,5,0.25,False,
DiscoTope,RESP,Haemophilus influenzae,bacteria,linear,78601,P43838,23,51,29,0.0,0.0,False,False,False,0.9,5,0.25,False,
DiscoTope,RESP,Haemophilus influenzae,bacteria,linear,78607,P43838,248,275,28,2.0,0.071,False,False,False,0.9,5,0.25,False,
DiscoTope,RESP,Haemophilus influenzae,bacteria,linear,78681,P43838,270,305,36,11.0,0.306,True,True,True,0.9,5,0.25,False,
DiscoTope,RESP,Haemophilus influenzae,bacteria,linear,78705,P43838,329,353,25,9.0,0.36,True,True,True,0.9,5,0.25,False,
DiscoTope,RESP,Haemophilus influenzae,bacteria,linear,78719,P43838,301,334,34,4.0,0.118,False,False,False,0.9,5,0.25,False,
DiscoTope,RESP,Haemophilus influenzae,bacteria,linear,78722,P43838,61,86,26,2.0,0.077,False,False,False,0.9,5,0.25,False,
DiscoTope,RESP,Haemophilus influenzae,bacteria,linear,78741,P43838,361,392,32,4.0,0.125,False,False,False,0.9,5,0.25,False,
DiscoTope,RESP,Haemophilus influenzae,bacteria,linear,78878,P43838,125,159,35,3.0,0.086,False,False,False,0.9,5,0.25,False,
DiscoTope,RESP,Mycobacterium tuberculosis,bacteria,linear,79056,P9WPE7,93,111,19,1.0,0.053,False,False,False,0.9,5,0.25,False,
DiscoTope,RESP,Haemophilus influenzae,bacteria,linear,79100,P43839,223,268,46,14.0,0.304,True,True,True,0.9,5,0.25,False,
DiscoTope,RESP,Bordetella pertussis,bacteria,linear,79741,P0A3R5,60,71,12,8.0,0.667,True,True,True,0.9,5,0.25,False,
DiscoTope,RESP,Bordetella pertussis,bacteria,linear,79744,P0A3R5,61,67,7,4.0,0.571,False,True,True,0.9,5,0.25,False,
DiscoTope,RESP,Bordetella pertussis,bacteria,linear,79751,P0A3R5,56,67,12,5.0,0.417,True,True,True,0.9,5,0.25,False,
DiscoTope,RESP,Bordetella pertussis,bacteria,linear,79755,P0A3R5,38,49,12,1.0,0.083,False,False,False,0.9,5,0.25,False,
DiscoTope,RESP,Bordetella pertussis,bacteria,linear,79756,P0A3R5,12,36,25,1.0,0.04,False,False,False,0.9,5,0.25,False,
DiscoTope,RESP,Bordetella pertussis,bacteria,linear,79760,P0A3R5,62,73,12,7.0,0.583,True,True,True,0.9,5,0.25,False,
DiscoTope,RESP,Bordetella pertussis,bacteria,linear,79761,P0A3R5,62,86,25,9.0,0.36,True,True,True,0.9,5,0.25,False,
DiscoTope,RESP,Bordetella pertussis,bacteria,linear,79768,P0A3R5,72,83,12,1.0,0.083,False,False,False,0.9,5,0.25,False,
DiscoTope,RESP,Bordetella pertussis,bacteria,linear,79769,P0A3R5,72,96,25,3.0,0.12,False,False,False,0.9,5,0.25,False,
DiscoTope,RESP,Bordetella pertussis,bacteria,linear,79770,P0A3R5,52,63,12,2.0,0.167,False,False,False,0.9,5,0.25,False,
DiscoTope,RESP,Bordetella pertussis,bacteria,linear,79771,P0A3R5,52,76,25,8.0,0.32,True,True,True,0.9,5,0.25,False,
DiscoTope,RESP,Bordetella pertussis,bacteria,linear,79773,P0A3R5,66,77,12,5.0,0.417,True,True,True,0.9,5,0.25,False,
DiscoTope,RESP,Bordetella pertussis,bacteria,linear,79781,P0A3R5,76,87,12,2.0,0.167,False,False,False,0.9,5,0.25,False,
DiscoTope,RESP,Bordetella pertussis,bacteria,linear,79815,P0A3R5,86,97,12,2.0,0.167,False,False,False,0.9,5,0.25,False,
DiscoTope,RESP,Bordetella pertussis,bacteria,linear,79821,P0A3R5,110,121,12,3.0,0.25,False,True,True,0.9,5,0.25,False,
DiscoTope,RESP,Bordetella pertussis,bacteria,linear,79828,P0A3R5,102,113,12,4.0,0.333,False,True,True,0.9,5,0.25,False,
DiscoTope,RESP,Bordetella pertussis,bacteria,linear,79829,P0A3R5,102,126,25,6.0,0.24,True,False,True,0.9,5,0.25,False,
DiscoTope,RESP,Bordetella pertussis,bacteria,linear,79830,P0A3R5,93,109,17,8.0,0.471,True,True,True,0.9,5,0.25,False,
DiscoTope,RESP,Bordetella pertussis,bacteria,linear,79839,P0A3R5,74,85,12,2.0,0.167,False,False,False,0.9,5,0.25,False,
DiscoTope,RESP,Bordetella pertussis,bacteria,linear,79840,P0A3R5,74,86,13,2.0,0.154,False,False,False,0.9,5,0.25,False,
DiscoTope,RESP,Bordetella pertussis,bacteria,linear,79841,P0A3R5,112,123,12,2.0,0.167,False,False,False,0.9,5,0.25,False,
DiscoTope,RESP,Haemophilus influenzae,bacteria,linear,79842,P10324,87,94,8,4.0,0.5,False,True,True,0.9,5,0.25,False,
DiscoTope,RESP,Bordetella pertussis,bacteria,linear,79843,P0A3R5,104,115,12,3.0,0.25,False,True,True,0.9,5,0.25,False,
DiscoTope,RESP,Bordetella pertussis,bacteria,linear,79854,P0A3R5,68,79,12,3.0,0.25,False,True,True,0.9,5,0.25,False,
DiscoTope,RESP,Bordetella pertussis,bacteria,linear,79888,P0A3R5,40,51,12,1.0,0.083,False,False,False,0.9,5,0.25,False,
DiscoTope,RESP,Bordetella pertussis,bacteria,linear,79889,P0A3R5,106,117,12,2.0,0.167,False,False,False,0.9,5,0.25,False,
DiscoTope,RESP,Bordetella pertussis,bacteria,linear,79890,P0A3R5,78,89,12,3.0,0.25,False,True,True,0.9,5,0.25,False,
DiscoTope,RESP,Haemophilus influenzae,bacteria,linear,79894,P10324,82,101,20,5.0,0.25,True,True,True,0.9,5,0.25,False,
DiscoTope,RESP,Bordetella pertussis,bacteria,linear,79903,P0A3R5,116,127,12,1.0,0.083,False,False,False,0.9,5,0.25,False,
DiscoTope,RESP,Bordetella pertussis,bacteria,linear,79904,P0A3R5,58,69,12,7.0,0.583,True,True,True,0.9,5,0.25,False,
DiscoTope,RESP,Bordetella pertussis,bacteria,linear,79908,P0A3R5,118,129,12,1.0,0.083,False,False,False,0.9,5,0.25,False,
DiscoTope,RESP,Bordetella pertussis,bacteria,linear,79923,P0A3R5,50,61,12,1.0,0.083,False,False,False,0.9,5,0.25,False,
DiscoTope,RESP,Bordetella pertussis,bacteria,linear,79932,P0A3R5,39,49,11,1.0,0.091,False,False,False,0.9,5,0.25,False,
DiscoTope,RESP,Bordetella pertussis,bacteria,linear,79933,P0A3R5,88,99,12,4.0,0.333,False,True,True,0.9,5,0.25,False,
DiscoTope,RESP,Bordetella pertussis,bacteria,linear,79934,P0A3R5,94,101,8,5.0,0.625,True,True,True,0.9,5,0.25,False,
DiscoTope,RESP,Bordetella pertussis,bacteria,linear,79935,P0A3R5,94,105,12,8.0,0.667,True,True,True,0.9,5,0.25,False,
DiscoTope,RESP,Bordetella pertussis,bacteria,linear,79938,P0A3R5,32,43,12,0.0,0.0,False,False,False,0.9,5,0.25,False,
DiscoTope,RESP,Bordetella pertussis,bacteria,linear,79939,P0A3R5,32,56,25,1.0,0.04,False,False,False,0.9,5,0.25,False,
DiscoTope,RESP,Bordetella pertussis,bacteria,linear,79957,P0A3R5,114,125,12,2.0,0.167,False,False,False,0.9,5,0.25,False,
DiscoTope,RESP,Bordetella pertussis,bacteria,linear,79958,P0A3R5,114,127,14,2.0,0.143,False,False,False,0.9,5,0.25,False,
DiscoTope,RESP,Bordetella pertussis,bacteria,linear,79960,P0A3R5,70,81,12,2.0,0.167,False,False,False,0.9,5,0.25,False,
DiscoTope,RESP,Bordetella pertussis,bacteria,linear,79963,P0A3R5,80,91,12,3.0,0.25,False,True,True,0.9,5,0.25,False,
DiscoTope,RESP,Bordetella pertussis,bacteria,linear,79964,P0A3R5,80,93,14,3.0,0.214,False,False,False,0.9,5,0.25,False,
DiscoTope,RESP,Bordetella pertussis,bacteria,linear,79969,P0A3R5,105,113,9,2.0,0.222,False,False,False,0.9,5,0.25,False,
DiscoTope,RESP,Bordetella pertussis,bacteria,linear,79971,P0A3R5,98,109,12,7.0,0.583,True,True,True,0.9,5,0.25,False,
DiscoTope,RESP,Bordetella pertussis,bacteria,linear,79977,P0A3R5,46,57,12,0.0,0.0,False,False,False,0.9,5,0.25,False,
DiscoTope,RESP,Bordetella pertussis,bacteria,linear,79988,P0A3R5,107,131,25,3.0,0.12,False,False,False,0.9,5,0.25,False,
DiscoTope,RESP,Bordetella pertussis,bacteria,linear,79992,P0A3R5,96,107,12,8.0,0.667,True,True,True,0.9,5,0.25,False,
DiscoTope,RESP,Bordetella pertussis,bacteria,linear,79995,P0A3R5,90,101,12,5.0,0.417,True,True,True,0.9,5,0.25,False,
DiscoTope,RESP,Bordetella pertussis,bacteria,linear,80008,P0A3R5,100,111,12,6.0,0.5,True,True,True,0.9,5,0.25,False,
DiscoTope,RESP,Bordetella pertussis,bacteria,linear,80009,P0A3R5,48,59,12,0.0,0.0,False,False,False,0.9,5,0.25,False,
DiscoTope,RESP,Bordetella pertussis,bacteria,linear,80011,P0A3R5,120,131,12,0.0,0.0,False,False,False,0.9,5,0.25,False,
DiscoTope,RESP,Bordetella pertussis,bacteria,linear,80031,P0A3R5,64,75,12,6.0,0.5,True,True,True,0.9,5,0.25,False,
DiscoTope,RESP,Bordetella pertussis,bacteria,linear,80035,P0A3R5,82,93,12,2.0,0.167,False,False,False,0.9,5,0.25,False,
DiscoTope,RESP,Bordetella pertussis,bacteria,linear,80036,P0A3R5,82,106,25,10.0,0.4,True,True,True,0.9,5,0.25,False,
DiscoTope,RESP,Bordetella pertussis,bacteria,linear,80041,P0A3R5,36,47,12,1.0,0.083,False,False,False,0.9,5,0.25,False,
DiscoTope,RESP,Bordetella pertussis,bacteria,linear,80065,P0A3R5,122,131,10,0.0,0.0,False,False,False,0.9,5,0.25,False,
DiscoTope,RESP,Bordetella pertussis,bacteria,linear,80067,P0A3R5,92,103,12,7.0,0.583,True,True,True,0.9,5,0.25,False,
DiscoTope,RESP,Bordetella pertussis,bacteria,linear,80068,P0A3R5,92,116,25,10.0,0.4,True,True,True,0.9,5,0.25,False,
DiscoTope,RESP,Bordetella pertussis,bacteria,linear,80089,P0A3R5,44,55,12,1.0,0.083,False,False,False,0.9,5,0.25,False,
DiscoTope,RESP,Bordetella pertussis,bacteria,linear,80090,P0A3R5,34,45,12,1.0,0.083,False,False,False,0.9,5,0.25,False,
DiscoTope,RESP,Bordetella pertussis,bacteria,linear,80105,P0A3R5,42,53,12,1.0,0.083,False,False,False,0.9,5,0.25,False,
DiscoTope,RESP,Bordetella pertussis,bacteria,linear,80106,P0A3R5,42,66,25,5.0,0.2,True,False,True,0.9,5,0.25,False,
DiscoTope,RESP,Haemophilus influenzae,bacteria,linear,80239,P43839,191,216,26,10.0,0.385,True,True,True,0.9,5,0.25,False,
DiscoTope,RESP,Haemophilus influenzae,bacteria,linear,80452,P43839,334,361,28,,,,,,0.9,5,0.25,True,end_pos_exceeds_pred_len(361>359)
DiscoTope,RESP,Bordetella pertussis,bacteria,linear,80615,P04979,162,178,17,9.0,0.529,True,True,True,0.9,5,0.25,False,
DiscoTope,RESP,Bordetella pertussis,bacteria,linear,80618,P04979,148,158,11,1.0,0.091,False,False,False,0.9,5,0.25,False,
DiscoTope,RESP,Bordetella pertussis,bacteria,linear,80699,P04979,115,123,9,0.0,0.0,False,False,False,0.9,5,0.25,False,
DiscoTope,RESP,Bordetella pertussis,bacteria,linear,80893,P04979,175,188,14,5.0,0.357,True,True,True,0.9,5,0.25,False,
DiscoTope,RESP,Haemophilus influenzae,bacteria,linear,81074,P43839,213,239,27,10.0,0.37,True,True,True,0.9,5,0.25,False,
DiscoTope,RESP,Haemophilus influenzae,bacteria,linear,82038,P43839,73,101,29,14.0,0.483,True,True,True,0.9,5,0.25,False,
DiscoTope,RESP,Haemophilus influenzae,bacteria,linear,82039,P43839,99,126,28,4.0,0.143,False,False,False,0.9,5,0.25,False,
DiscoTope,RESP,Haemophilus influenzae,bacteria,linear,82550,P43839,168,194,27,18.0,0.667,True,True,True,0.9,5,0.25,False,
DiscoTope,RESP,Haemophilus influenzae,bacteria,linear,82603,P43839,305,326,22,2.0,0.091,False,False,False,0.9,5,0.25,False,
DiscoTope,RESP,Bordetella pertussis,bacteria,linear,82843,P04979,123,135,13,0.0,0.0,False,False,False,0.9,5,0.25,False,
DiscoTope,RESP,Haemophilus influenzae,bacteria,linear,82932,P43839,28,39,12,0.0,0.0,False,False,False,0.9,5,0.25,False,
DiscoTope,RESP,Haemophilus influenzae,bacteria,linear,82953,P43839,239,264,26,2.0,0.077,False,False,False,0.9,5,0.25,False,
DiscoTope,RESP,Haemophilus influenzae,bacteria,linear,84644,P43839,323,339,17,2.0,0.118,False,False,False,0.9,5,0.25,False,
DiscoTope,RESP,Bordetella pertussis,bacteria,linear,85174,P04979,40,51,12,4.0,0.333,False,True,True,0.9,5,0.25,False,
DiscoTope,RESP,Haemophilus influenzae,bacteria,linear,85833,P43839,37,52,16,6.0,0.375,True,True,True,0.9,5,0.25,False,
DiscoTope,RESP,Bordetella pertussis,bacteria,linear,87884,P04979,64,79,16,6.0,0.375,True,True,True,0.9,5,0.25,False,
DiscoTope,RESP,Bordetella pertussis,bacteria,linear,88292,P04979,192,206,15,1.0,0.067,False,False,False,0.9,5,0.25,False,
DiscoTope,RESP,Haemophilus influenzae,bacteria,linear,88450,P43839,145,170,26,1.0,0.038,False,False,False,0.9,5,0.25,False,
DiscoTope,RESP,Bordetella pertussis,bacteria,linear,88723,P04979,81,91,11,3.0,0.273,False,True,True,0.9,5,0.25,False,
DiscoTope,RESP,Haemophilus influenzae,bacteria,linear,89067,P43839,358,374,17,,,,,,0.9,5,0.25,True,end_pos_exceeds_pred_len(374>359)
DiscoTope,RESP,Haemophilus influenzae,bacteria,linear,89660,P43839,233,249,17,4.0,0.235,False,False,False,0.9,5,0.25,False,
DiscoTope,RESP,Bordetella pertussis,bacteria,linear,89665,P04979,42,57,16,5.0,0.312,True,True,True,0.9,5,0.25,False,
DiscoTope,RESP,Bordetella pertussis,bacteria,linear,89868,P04979,29,40,12,2.0,0.167,False,False,False,0.9,5,0.25,False,
DiscoTope,RESP,Haemophilus influenzae,bacteria,linear,90667,P43839,261,285,25,5.0,0.2,True,False,True,0.9,5,0.25,False,
DiscoTope,RESP,Haemophilus influenzae,bacteria,linear,90715,P43839,283,309,27,7.0,0.259,True,True,True,0.9,5,0.25,False,
DiscoTope,RESP,Haemophilus influenzae,bacteria,linear,90837,P43838,414,459,46,7.0,0.152,True,False,True,0.9,5,0.25,False,
DiscoTope,RESP,Haemophilus influenzae,bacteria,linear,92304,P43839,124,159,36,0.0,0.0,False,False,False,0.9,5,0.25,False,
DiscoTope,RESP,Haemophilus influenzae,bacteria,linear,92794,P43839,182,194,13,13.0,1.0,True,True,True,0.9,5,0.25,False,
DiscoTope,RESP,Mycobacterium tuberculosis,bacteria,linear,94762,P9WIP9,169,183,28,2.0,0.071,False,False,False,0.9,5,0.25,False,
DiscoTope,RESP,Mycobacterium tuberculosis,bacteria,linear,94763,P9WIP9,169,183,34,2.0,0.059,False,False,False,0.9,5,0.25,False,
DiscoTope,RESP,Mycobacterium tuberculosis,bacteria,linear,94847,P9WIP9,157,171,28,5.0,0.179,True,False,True,0.9,5,0.25,False,
DiscoTope,RESP,Bordetella pertussis,bacteria,linear,95008,P04977,16,26,11,1.0,0.091,False,False,False,0.9,5,0.25,False,
DiscoTope,RESP,Haemophilus influenzae,bacteria,linear,97256,P43839,178,194,17,16.0,0.941,True,True,True,0.9,5,0.25,False,
DiscoTope,RESP,Mycobacterium tuberculosis,bacteria,linear,98026,P9WPE5,21,46,26,16.0,0.615,True,True,True,0.9,5,0.25,False,
DiscoTope,RESP,Mycobacterium tuberculosis,bacteria,linear,98116,P9WPE5,79,87,9,2.0,0.222,False,False,False,0.9,5,0.25,False,
DiscoTope,RESP,Bordetella pertussis,bacteria,linear,98687,P14283,559,573,15,4.0,0.267,False,True,True,0.9,5,0.25,False,
DiscoTope,RESP,Bordetella pertussis,bacteria,linear,98698,P14283,564,573,10,1.0,0.1,False,False,False,0.9,5,0.25,False,
DiscoTope,RESP,Bordetella pertussis,bacteria,linear,98699,P14283,564,578,15,5.0,0.333,True,True,True,0.9,5,0.25,False,
DiscoTope,RESP,Bordetella pertussis,bacteria,linear,98706,P14283,256,260,5,2.0,0.4,False,True,True,0.9,5,0.25,False,
DiscoTope,RESP,Mycobacterium tuberculosis,bacteria,linear,98728,P9WG67,31,50,20,8.0,0.4,True,True,True,0.9,5,0.25,False,
DiscoTope,RESP,Bordetella pertussis,bacteria,linear,98736,P14283,651,655,5,0.0,0.0,False,False,False,0.9,5,0.25,False,
DiscoTope,RESP,Bordetella pertussis,bacteria,linear,98741,P14283,584,598,15,14.0,0.933,True,True,True,0.9,5,0.25,False,
DiscoTope,RESP,Mycobacterium tuberculosis,bacteria,linear,98784,P9WG67,97,116,20,3.0,0.15,False,False,False,0.9,5,0.25,False,
DiscoTope,RESP,Bordetella pertussis,bacteria,linear,98786,P14283,224,228,5,0.0,0.0,False,False,False,0.9,5,0.25,False,
DiscoTope,RESP,Bordetella pertussis,bacteria,linear,98787,P14283,261,270,10,7.0,0.7,True,True,True,0.9,5,0.25,False,
DiscoTope,RESP,Bordetella pertussis,bacteria,linear,98788,P14283,261,270,10,7.0,0.7,True,True,True,0.9,5,0.25,False,
DiscoTope,RESP,Bordetella pertussis,bacteria,linear,98792,P14283,131,137,7,3.0,0.429,False,True,True,0.9,5,0.25,False,
DiscoTope,RESP,Mycobacterium tuberculosis,bacteria,linear,98793,P9WNE5,121,140,20,5.0,0.25,True,True,True,0.9,5,0.25,False,
DiscoTope,RESP,Bordetella pertussis,bacteria,linear,98794,P14283,45,49,5,3.0,0.6,False,True,True,0.9,5,0.25,False,
DiscoTope,RESP,Bordetella pertussis,bacteria,linear,98796,P14283,266,270,5,4.0,0.8,False,True,True,0.9,5,0.25,False,
DiscoTope,RESP,Bordetella pertussis,bacteria,linear,98797,P14283,281,285,5,1.0,0.2,False,False,False,0.9,5,0.25,False,
DiscoTope,RESP,Bordetella pertussis,bacteria,linear,98798,P14283,281,290,10,4.0,0.4,False,True,True,0.9,5,0.25,False,
DiscoTope,RESP,Bordetella pertussis,bacteria,linear,98799,P14283,276,285,10,6.0,0.6,True,True,True,0.9,5,0.25,False,
DiscoTope,RESP,Bordetella pertussis,bacteria,linear,98801,P14283,78,83,6,0.0,0.0,False,False,False,0.9,5,0.25,False,
DiscoTope,RESP,Bordetella pertussis,bacteria,linear,98802,P14283,105,110,6,4.0,0.667,False,True,True,0.9,5,0.25,False,
DiscoTope,RESP,Bordetella pertussis,bacteria,linear,98813,P14283,681,688,8,1.0,0.125,False,False,False,0.9,5,0.25,False,
DiscoTope,RESP,Bordetella pertussis,bacteria,linear,98839,P14283,362,367,6,2.0,0.333,False,True,True,0.9,5,0.25,False,
DiscoTope,RESP,Mycobacterium tuberculosis,bacteria,linear,98852,P9WG67,41,60,20,7.0,0.35,True,True,True,0.9,5,0.25,False,
DiscoTope,RESP,Bordetella pertussis,bacteria,linear,98860,P14283,468,473,6,1.0,0.167,False,False,False,0.9,5,0.25,False,
DiscoTope,RESP,Mycobacterium tuberculosis,bacteria,linear,98906,P9WNE5,61,80,20,5.0,0.25,True,True,True,0.9,5,0.25,False,
DiscoTope,RESP,Bordetella pertussis,bacteria,linear,98922,P14283,586,591,6,6.0,1.0,True,True,True,0.9,5,0.25,False,
DiscoTope,RESP,Bordetella pertussis,bacteria,linear,98938,P14283,569,571,3,1.0,0.333,False,True,True,0.9,5,0.25,False,
DiscoTope,RESP,Bordetella pertussis,bacteria,linear,98939,P14283,569,573,5,1.0,0.2,False,False,False,0.9,5,0.25,False,
DiscoTope,RESP,Bordetella pertussis,bacteria,linear,98940,P14283,569,583,15,10.0,0.667,True,True,True,0.9,5,0.25,False,
DiscoTope,RESP,Bordetella pertussis,bacteria,linear,98980,P14283,594,598,5,4.0,0.8,False,True,True,0.9,5,0.25,False,
DiscoTope,RESP,Bordetella pertussis,bacteria,linear,98983,P14283,341,345,5,1.0,0.2,False,False,False,0.9,5,0.25,False,
DiscoTope,RESP,Bordetella pertussis,bacteria,linear,99002,P14283,350,358,9,8.0,0.889,True,True,True,0.9,5,0.25,False,
DiscoTope,RESP,Bordetella pertussis,bacteria,linear,99007,P14283,190,195,6,6.0,1.0,True,True,True,0.9,5,0.25,False,
DiscoTope,RESP,Bordetella pertussis,bacteria,linear,99009,P14283,620,627,8,0.0,0.0,False,False,False,0.9,5,0.25,False,
DiscoTope,RESP,Bordetella pertussis,bacteria,linear,99020,P14283,390,397,8,2.0,0.25,False,True,True,0.9,5,0.25,False,
DiscoTope,RESP,Bordetella pertussis,bacteria,linear,99021,P14283,527,533,7,0.0,0.0,False,False,False,0.9,5,0.25,False,
DiscoTope,RESP,Bordetella pertussis,bacteria,linear,99033,P14283,133,137,5,2.0,0.4,False,True,True,0.9,5,0.25,False,
DiscoTope,RESP,Haemophilus influenzae,bacteria,linear,102409,P43839,340,345,6,5.0,0.833,True,True,True,0.9,5,0.25,False,
DiscoTope,RESP,Haemophilus influenzae,bacteria,linear,102473,P43839,161,166,6,1.0,0.167,False,False,False,0.9,5,0.25,False,
DiscoTope,RESP,Haemophilus influenzae,bacteria,linear,102526,P43839,162,167,6,1.0,0.167,False,False,False,0.9,5,0.25,False,
DiscoTope,RESP,Haemophilus influenzae,bacteria,linear,102538,P43839,148,153,6,0.0,0.0,False,False,False,0.9,5,0.25,False,
DiscoTope,RESP,Haemophilus influenzae,bacteria,linear,102837,P43839,339,344,6,6.0,1.0,True,True,True,0.9,5,0.25,False,
DiscoTope,RESP,Haemophilus influenzae,bacteria,linear,102868,P43839,338,343,6,6.0,1.0,True,True,True,0.9,5,0.25,False,
DiscoTope,RESP,Mycobacterium tuberculosis,bacteria,linear,103000,P9WNF5,28,42,15,3.0,0.2,False,False,False,0.9,5,0.25,False,
DiscoTope,RESP,Mycobacterium tuberculosis,bacteria,linear,103002,P9WNF3,10,24,15,1.0,0.067,False,False,False,0.9,5,0.25,False,
DiscoTope,RESP,Mycobacterium tuberculosis,bacteria,linear,103004,P9WGU1,115,129,15,4.0,0.267,False,True,True,0.9,5,0.25,False,
DiscoTope,RESP,Mycobacterium tuberculosis,bacteria,linear,103007,L7N675,274,288,15,4.0,0.267,False,True,True,0.9,5,0.25,False,
DiscoTope,RESP,Mycobacterium tuberculosis,bacteria,linear,103010,P9WGT9,22,36,15,6.0,0.4,True,True,True,0.9,5,0.25,False,
DiscoTope,RESP,Mycobacterium tuberculosis,bacteria,linear,103013,P9WPE5,64,78,15,5.0,0.333,True,True,True,0.9,5,0.25,False,
DiscoTope,RESP,Mycobacterium tuberculosis,bacteria,linear,103017,P9WMX7,154,168,15,1.0,0.067,False,False,False,0.9,5,0.25,False,
DiscoTope,RESP,Mycobacterium tuberculosis,bacteria,linear,103018,P9WGU1,334,348,15,2.0,0.133,False,False,False,0.9,5,0.25,False,
DiscoTope,RESP,Mycobacterium tuberculosis,bacteria,linear,103021,P9WGU1,37,51,15,0.0,0.0,False,False,False,0.9,5,0.25,False,
DiscoTope,RESP,Mycobacterium tuberculosis,bacteria,linear,103022,Q6MWX9,1084,1098,15,,,,,,0.9,5,0.25,True,missing_prediction_for_protein
DiscoTope,RESP,Mycobacterium tuberculosis,bacteria,linear,103029,P9WGU1,97,111,15,2.0,0.133,False,False,False,0.9,5,0.25,False,
DiscoTope,RESP,Mycobacterium tuberculosis,bacteria,linear,103031,P9WFR1,148,162,15,3.0,0.2,False,False,False,0.9,5,0.25,False,
DiscoTope,RESP,Mycobacterium tuberculosis,bacteria,linear,103037,P9WGY7,85,99,15,4.0,0.267,False,True,True,0.9,5,0.25,False,
DiscoTope,RESP,Mycobacterium tuberculosis,bacteria,linear,103038,Q6MWX9,997,1011,15,,,,,,0.9,5,0.25,True,missing_prediction_for_protein
DiscoTope,RESP,Mycobacterium tuberculosis,bacteria,linear,103040,Q79FZ9,178,192,15,3.0,0.2,False,False,False,0.9,5,0.25,False,
DiscoTope,RESP,Mycobacterium tuberculosis,bacteria,linear,103042,P9WNK3,61,75,15,0.0,0.0,False,False,False,0.9,5,0.25,False,
DiscoTope,RESP,Mycobacterium tuberculosis,bacteria,linear,103043,P9WNK3,82,96,15,1.0,0.067,False,False,False,0.9,5,0.25,False,
DiscoTope,RESP,Mycobacterium tuberculosis,bacteria,linear,103055,P9WGT7,250,264,15,5.0,0.333,True,True,True,0.9,5,0.25,False,
DiscoTope,RESP,Mycobacterium tuberculosis,bacteria,linear,103061,P9WGU1,346,360,15,2.0,0.133,False,False,False,0.9,5,0.25,False,
DiscoTope,RESP,Mycobacterium tuberculosis,bacteria,linear,103067,P9WIP1,121,135,15,2.0,0.133,False,False,False,0.9,5,0.25,False,
DiscoTope,RESP,Mycobacterium tuberculosis,bacteria,linear,103078,P9WGY7,133,147,15,4.0,0.267,False,True,True,0.9,5,0.25,False,
DiscoTope,RESP,Mycobacterium tuberculosis,bacteria,linear,103082,P9WNF5,172,186,15,0.0,0.0,False,False,False,0.9,5,0.25,False,
DiscoTope,RESP,Mycobacterium tuberculosis,bacteria,linear,103090,P9WGU1,244,258,15,4.0,0.267,False,True,True,0.9,5,0.25,False,
DiscoTope,RESP,Mycobacterium tuberculosis,bacteria,linear,103102,P9WKL1,19,33,15,1.0,0.067,False,False,False,0.9,5,0.25,False,
DiscoTope,RESP,Mycobacterium tuberculosis,bacteria,linear,103105,P9WGU1,307,321,15,1.0,0.067,False,False,False,0.9,5,0.25,False,
DiscoTope,RESP,Mycobacterium tuberculosis,bacteria,linear,103112,P9WN09,79,93,15,4.0,0.267,False,True,True,0.9,5,0.25,False,
DiscoTope,RESP,Mycobacterium tuberculosis,bacteria,linear,103113,O07175,40,54,15,10.0,0.667,True,True,True,0.9,5,0.25,False,
DiscoTope,RESP,Mycobacterium tuberculosis,bacteria,linear,103116,P9WJA3,76,90,15,1.0,0.067,False,False,False,0.9,5,0.25,False,
DiscoTope,RESP,Mycobacterium tuberculosis,bacteria,linear,103118,P9WNF3,115,129,15,2.0,0.133,False,False,False,0.9,5,0.25,False,
DiscoTope,RESP,Mycobacterium tuberculosis,bacteria,linear,103121,P9WJA9,112,126,15,3.0,0.2,False,False,False,0.9,5,0.25,False,
DiscoTope,RESP,Mycobacterium tuberculosis,bacteria,linear,103125,P9WQ59,100,114,15,4.0,0.267,False,True,True,0.9,5,0.25,False,
DiscoTope,RESP,Mycobacterium tuberculosis,bacteria,linear,103128,P9WNJ3,25,39,15,3.0,0.2,False,False,False,0.9,5,0.25,False,
DiscoTope,RESP,Mycobacterium tuberculosis,bacteria,linear,103130,P9WMK1,43,57,15,1.0,0.067,False,False,False,0.9,5,0.25,False,
DiscoTope,RESP,Mycobacterium tuberculosis,bacteria,linear,103137,P9WGU1,205,219,15,10.0,0.667,True,True,True,0.9,5,0.25,False,
DiscoTope,RESP,Mycobacterium tuberculosis,bacteria,linear,103141,P9WHE3,106,120,15,0.0,0.0,False,False,False,0.9,5,0.25,False,
DiscoTope,RESP,Mycobacterium tuberculosis,bacteria,linear,103143,O53732,290,304,15,0.0,0.0,False,False,False,0.9,5,0.25,False,
DiscoTope,RESP,Mycobacterium tuberculosis,bacteria,linear,103145,P9WIN9,67,81,15,3.0,0.2,False,False,False,0.9,5,0.25,False,
DiscoTope,RESP,Mycobacterium tuberculosis,bacteria,linear,103153,P9WGT7,190,204,15,2.0,0.133,False,False,False,0.9,5,0.25,False,
DiscoTope,RESP,Mycobacterium tuberculosis,bacteria,linear,103162,P9WQB1,211,225,15,7.0,0.467,True,True,True,0.9,5,0.25,False,
DiscoTope,RESP,Mycobacterium tuberculosis,bacteria,linear,103165,P9WHE3,28,42,15,0.0,0.0,False,False,False,0.9,5,0.25,False,
DiscoTope,RESP,Mycobacterium tuberculosis,bacteria,linear,103170,P9WNJ3,7,21,15,0.0,0.0,False,False,False,0.9,5,0.25,False,
DiscoTope,RESP,Mycobacterium tuberculosis,bacteria,linear,103176,P9WJD3,295,309,15,7.0,0.467,True,True,True,0.9,5,0.25,False,
DiscoTope,RESP,Mycobacterium tuberculosis,bacteria,linear,103179,P9WFR1,79,93,15,2.0,0.133,False,False,False,0.9,5,0.25,False,
DiscoTope,RESP,Mycobacterium tuberculosis,bacteria,linear,103180,P9WMK1,25,39,15,3.0,0.2,False,False,False,0.9,5,0.25,False,
DiscoTope,RESP,Mycobacterium tuberculosis,bacteria,linear,103185,I6Y231,2014,2028,15,8.0,0.533,True,True,True,0.9,5,0.25,False,
DiscoTope,RESP,Mycobacterium tuberculosis,bacteria,linear,103195,P9WNF5,151,165,15,1.0,0.067,False,False,False,0.9,5,0.25,False,
DiscoTope,RESP,Mycobacterium tuberculosis,bacteria,linear,103197,P9WJA3,40,54,15,2.0,0.133,False,False,False,0.9,5,0.25,False,
DiscoTope,RESP,Mycobacterium tuberculosis,bacteria,linear,103198,I6Y936,16,30,15,2.0,0.133,False,False,False,0.9,5,0.25,False,
DiscoTope,RESP,Mycobacterium tuberculosis,bacteria,linear,103199,P9WNF5,31,45,15,5.0,0.333,True,True,True,0.9,5,0.25,False,
DiscoTope,RESP,Mycobacterium tuberculosis,bacteria,linear,103203,O53611,655,669,15,1.0,0.067,False,False,False,0.9,5,0.25,False,
DiscoTope,RESP,Mycobacterium tuberculosis,bacteria,linear,103208,P9WJD9,298,312,15,3.0,0.2,False,False,False,0.9,5,0.25,False,
DiscoTope,RESP,Mycobacterium tuberculosis,bacteria,linear,103209,P9WGY9,253,267,15,3.0,0.2,False,False,False,0.9,5,0.25,False,
DiscoTope,RESP,Mycobacterium tuberculosis,bacteria,linear,103227,P9WGU1,343,357,15,3.0,0.2,False,False,False,0.9,5,0.25,False,
DiscoTope,RESP,Mycobacterium tuberculosis,bacteria,linear,103230,P9WGT9,340,354,15,2.0,0.133,False,False,False,0.9,5,0.25,False,
DiscoTope,RESP,Mycobacterium tuberculosis,bacteria,linear,103244,P9WGY7,109,123,15,3.0,0.2,False,False,False,0.9,5,0.25,False,
DiscoTope,RESP,Mycobacterium tuberculosis,bacteria,linear,103245,P9WJD3,112,126,15,4.0,0.267,False,True,True,0.9,5,0.25,False,
DiscoTope,RESP,Mycobacterium tuberculosis,bacteria,linear,103246,I6Y231,1978,1992,15,4.0,0.267,False,True,True,0.9,5,0.25,False,
DiscoTope,RESP,Mycobacterium tuberculosis,bacteria,linear,103247,P9WL63,148,162,15,11.0,0.733,True,True,True,0.9,5,0.25,False,
DiscoTope,RESP,Mycobacterium tuberculosis,bacteria,linear,103255,P9WGY9,679,693,15,1.0,0.067,False,False,False,0.9,5,0.25,False,
DiscoTope,RESP,Mycobacterium tuberculosis,bacteria,linear,103258,P9WJD9,418,432,15,0.0,0.0,False,False,False,0.9,5,0.25,False,
DiscoTope,RESP,Mycobacterium tuberculosis,bacteria,linear,103260,P9WGU1,184,198,15,3.0,0.2,False,False,False,0.9,5,0.25,False,
DiscoTope,RESP,Mycobacterium tuberculosis,bacteria,linear,103262,P9WNF3,157,171,15,2.0,0.133,False,False,False,0.9,5,0.25,False,
DiscoTope,RESP,Mycobacterium tuberculosis,bacteria,linear,103264,O53732,134,148,15,2.0,0.133,False,False,False,0.9,5,0.25,False,
DiscoTope,RESP,Mycobacterium tuberculosis,bacteria,linear,103266,O53519,22,36,15,4.0,0.267,False,True,True,0.9,5,0.25,False,
DiscoTope,RESP,Mycobacterium tuberculosis,bacteria,linear,103267,P9WNF3,19,33,15,3.0,0.2,False,False,False,0.9,5,0.25,False,
DiscoTope,RESP,Mycobacterium tuberculosis,bacteria,linear,103272,P9WQP1,163,177,15,0.0,0.0,False,False,False,0.9,5,0.25,False,
DiscoTope,RESP,Mycobacterium tuberculosis,bacteria,linear,103274,P9WFC9,52,66,15,0.0,0.0,False,False,False,0.9,5,0.25,False,
DiscoTope,RESP,Mycobacterium tuberculosis,bacteria,linear,103283,P9WIP1,85,99,15,6.0,0.4,True,True,True,0.9,5,0.25,False,
DiscoTope,RESP,Mycobacterium tuberculosis,bacteria,linear,103284,P9WFL9,70,84,15,4.0,0.267,False,True,True,0.9,5,0.25,False,
DiscoTope,RESP,Mycobacterium tuberculosis,bacteria,linear,103286,P9WGU1,298,312,15,4.0,0.267,False,True,True,0.9,5,0.25,False,
DiscoTope,RESP,Mycobacterium tuberculosis,bacteria,linear,103291,P9WJA9,76,90,15,6.0,0.4,True,True,True,0.9,5,0.25,False,
DiscoTope,RESP,Mycobacterium tuberculosis,bacteria,linear,103296,P9WQD7,235,249,15,0.0,0.0,False,False,False,0.9,5,0.25,False,
DiscoTope,RESP,Mycobacterium tuberculosis,bacteria,linear,103297,P9WKL1,25,39,15,1.0,0.067,False,False,False,0.9,5,0.25,False,
DiscoTope,RESP,Mycobacterium tuberculosis,bacteria,linear,103301,P9WGY9,1006,1020,15,4.0,0.267,False,True,True,0.9,5,0.25,False,
DiscoTope,RESP,Mycobacterium tuberculosis,bacteria,linear,103304,P9WGU1,118,132,15,1.0,0.067,False,False,False,0.9,5,0.25,False,
DiscoTope,RESP,Mycobacterium tuberculosis,bacteria,linear,103327,P9WP43,172,186,15,4.0,0.267,False,True,True,0.9,5,0.25,False,
DiscoTope,RESP,Mycobacterium tuberculosis,bacteria,linear,103328,O53611,634,648,15,1.0,0.067,False,False,False,0.9,5,0.25,False,
DiscoTope,RESP,Mycobacterium tuberculosis,bacteria,linear,103331,P9WJD3,289,303,15,5.0,0.333,True,True,True,0.9,5,0.25,False,
DiscoTope,RESP,Mycobacterium tuberculosis,bacteria,linear,103338,P9WJQ9,4,18,15,1.0,0.067,False,False,False,0.9,5,0.25,False,
DiscoTope,RESP,Mycobacterium tuberculosis,bacteria,linear,103339,I6Y231,1225,1239,15,1.0,0.067,False,False,False,0.9,5,0.25,False,
DiscoTope,RESP,Mycobacterium tuberculosis,bacteria,linear,103340,P9WJD3,7,21,15,0.0,0.0,False,False,False,0.9,5,0.25,False,
DiscoTope,RESP,Mycobacterium tuberculosis,bacteria,linear,103344,P9WHE3,67,81,15,0.0,0.0,False,False,False,0.9,5,0.25,False,
DiscoTope,RESP,Mycobacterium tuberculosis,bacteria,linear,103346,P9WPE7,457,471,15,6.0,0.4,True,True,True,0.9,5,0.25,False,
DiscoTope,RESP,Mycobacterium tuberculosis,bacteria,linear,103347,P9WK17,412,426,15,2.0,0.133,False,False,False,0.9,5,0.25,False,
DiscoTope,RESP,Mycobacterium tuberculosis,bacteria,linear,103348,P9WP43,52,66,15,3.0,0.2,False,False,False,0.9,5,0.25,False,
DiscoTope,RESP,Mycobacterium tuberculosis,bacteria,linear,103349,P9WGU1,226,240,15,5.0,0.333,True,True,True,0.9,5,0.25,False,
DiscoTope,RESP,Mycobacterium tuberculosis,bacteria,linear,103352,Q6MWX9,175,189,15,,,,,,0.9,5,0.25,True,missing_prediction_for_protein
DiscoTope,RESP,Mycobacterium tuberculosis,bacteria,linear,103355,P9WIP1,52,66,15,0.0,0.0,False,False,False,0.9,5,0.25,False,
DiscoTope,RESP,Mycobacterium tuberculosis,bacteria,linear,103359,P9WMF9,79,93,15,5.0,0.333,True,True,True,0.9,5,0.25,False,
DiscoTope,RESP,Mycobacterium tuberculosis,bacteria,linear,103361,P9WGY9,274,288,15,7.0,0.467,True,True,True,0.9,5,0.25,False,
DiscoTope,RESP,Mycobacterium tuberculosis,bacteria,linear,103365,L7N675,118,132,15,7.0,0.467,True,True,True,0.9,5,0.25,False,
DiscoTope,RESP,Mycobacterium tuberculosis,bacteria,linear,103371,P9WJD9,331,345,15,2.0,0.133,False,False,False,0.9,5,0.25,False,
DiscoTope,RESP,Mycobacterium tuberculosis,bacteria,linear,103373,P9WGU1,136,150,15,0.0,0.0,False,False,False,0.9,5,0.25,False,
DiscoTope,RESP,Mycobacterium tuberculosis,bacteria,linear,103378,P9WPE7,232,246,15,7.0,0.467,True,True,True,0.9,5,0.25,False,
DiscoTope,RESP,Mycobacterium tuberculosis,bacteria,linear,103384,I6Y231,1027,1041,15,3.0,0.2,False,False,False,0.9,5,0.25,False,
DiscoTope,RESP,Mycobacterium tuberculosis,bacteria,linear,103385,P9WFL9,37,51,15,1.0,0.067,False,False,False,0.9,5,0.25,False,
DiscoTope,RESP,Mycobacterium tuberculosis,bacteria,linear,103386,P9WGU1,109,123,15,6.0,0.4,True,True,True,0.9,5,0.25,False,
DiscoTope,RESP,Mycobacterium tuberculosis,bacteria,linear,103393,P9WHZ5,481,495,15,2.0,0.133,False,False,False,0.9,5,0.25,False,
DiscoTope,RESP,Mycobacterium tuberculosis,bacteria,linear,103403,P9WPQ1,1,15,15,5.0,0.333,True,True,True,0.9,5,0.25,False,
DiscoTope,RESP,Mycobacterium tuberculosis,bacteria,linear,103415,P9WGU1,121,135,15,0.0,0.0,False,False,False,0.9,5,0.25,False,
DiscoTope,RESP,Mycobacterium tuberculosis,bacteria,linear,103420,I6Y936,1,15,15,1.0,0.067,False,False,False,0.9,5,0.25,False,
DiscoTope,RESP,Mycobacterium tuberculosis,bacteria,linear,103425,O33192,1,15,15,0.0,0.0,False,False,False,0.9,5,0.25,False,
DiscoTope,RESP,Mycobacterium tuberculosis,bacteria,linear,103426,P9WHE3,16,30,15,1.0,0.067,False,False,False,0.9,5,0.25,False,
DiscoTope,RESP,Mycobacterium tuberculosis,bacteria,linear,103431,O53732,407,421,15,0.0,0.0,False,False,False,0.9,5,0.25,False,
DiscoTope,RESP,Mycobacterium tuberculosis,bacteria,linear,103432,P9WKL1,94,108,15,2.0,0.133,False,False,False,0.9,5,0.25,False,
DiscoTope,RESP,Mycobacterium tuberculosis,bacteria,linear,103434,O33192,46,60,15,1.0,0.067,False,False,False,0.9,5,0.25,False,
DiscoTope,RESP,Mycobacterium tuberculosis,bacteria,linear,103452,L7N675,130,144,15,1.0,0.067,False,False,False,0.9,5,0.25,False,
DiscoTope,RESP,Mycobacterium tuberculosis,bacteria,linear,103457,P9WQP1,265,279,15,7.0,0.467,True,True,True,0.9,5,0.25,False,
DiscoTope,RESP,Mycobacterium tuberculosis,bacteria,linear,103462,P9WGT9,112,126,15,3.0,0.2,False,False,False,0.9,5,0.25,False,
DiscoTope,RESP,Mycobacterium tuberculosis,bacteria,linear,103464,P9WGY7,31,45,15,8.0,0.533,True,True,True,0.9,5,0.25,False,
DiscoTope,RESP,Mycobacterium tuberculosis,bacteria,linear,103469,Q6MWX9,1117,1131,15,,,,,,0.9,5,0.25,True,missing_prediction_for_protein
DiscoTope,RESP,Mycobacterium tuberculosis,bacteria,linear,103472,P9WJQ9,34,48,15,5.0,0.333,True,True,True,0.9,5,0.25,False,
DiscoTope,RESP,Mycobacterium tuberculosis,bacteria,linear,103476,I6Y231,1906,1920,15,1.0,0.067,False,False,False,0.9,5,0.25,False,
DiscoTope,RESP,Mycobacterium tuberculosis,bacteria,linear,103479,P9WIP1,67,81,15,4.0,0.267,False,True,True,0.9,5,0.25,False,
DiscoTope,RESP,Mycobacterium tuberculosis,bacteria,linear,103480,I6Y231,1981,1995,15,5.0,0.333,True,True,True,0.9,5,0.25,False,
DiscoTope,RESP,Mycobacterium tuberculosis,bacteria,linear,103482,Q6MWX9,1720,1734,15,,,,,,0.9,5,0.25,True,missing_prediction_for_protein
DiscoTope,RESP,Mycobacterium tuberculosis,bacteria,linear,103490,I6Y231,1018,1032,15,3.0,0.2,False,False,False,0.9,5,0.25,False,
DiscoTope,RESP,Mycobacterium tuberculosis,bacteria,linear,103493,P9WGT9,178,192,15,4.0,0.267,False,True,True,0.9,5,0.25,False,
DiscoTope,RESP,Mycobacterium tuberculosis,bacteria,linear,103501,P9WIP1,70,84,15,1.0,0.067,False,False,False,0.9,5,0.25,False,
DiscoTope,RESP,Mycobacterium tuberculosis,bacteria,linear,103503,L7N675,109,123,15,4.0,0.267,False,True,True,0.9,5,0.25,False,
DiscoTope,RESP,Mycobacterium tuberculosis,bacteria,linear,103510,P9WJD3,349,363,15,3.0,0.2,False,False,False,0.9,5,0.25,False,
DiscoTope,RESP,Mycobacterium tuberculosis,bacteria,linear,103511,P9WJD9,208,222,15,1.0,0.067,False,False,False,0.9,5,0.25,False,
DiscoTope,RESP,Mycobacterium tuberculosis,bacteria,linear,103516,P9WGU1,202,216,15,10.0,0.667,True,True,True,0.9,5,0.25,False,
DiscoTope,RESP,Mycobacterium tuberculosis,bacteria,linear,103519,P9WNK5,40,54,15,6.0,0.4,True,True,True,0.9,5,0.25,False,
DiscoTope,RESP,Mycobacterium tuberculosis,bacteria,linear,103525,P9WIN9,118,132,15,4.0,0.267,False,True,True,0.9,5,0.25,False,
DiscoTope,RESP,Mycobacterium tuberculosis,bacteria,linear,103530,P9WQP1,67,81,15,0.0,0.0,False,False,False,0.9,5,0.25,False,
DiscoTope,RESP,Mycobacterium tuberculosis,bacteria,linear,103531,P9WGT7,343,357,15,2.0,0.133,False,False,False,0.9,5,0.25,False,
DiscoTope,RESP,Mycobacterium tuberculosis,bacteria,linear,103532,P9WQP1,115,129,15,5.0,0.333,True,True,True,0.9,5,0.25,False,
DiscoTope,RESP,Mycobacterium tuberculosis,bacteria,linear,103534,O50383,61,75,15,1.0,0.067,False,False,False,0.9,5,0.25,False,
DiscoTope,RESP,Mycobacterium tuberculosis,bacteria,linear,103536,P9WI79,7,21,15,1.0,0.067,False,False,False,0.9,5,0.25,False,
DiscoTope,RESP,Mycobacterium tuberculosis,bacteria,linear,103537,P9WIP1,49,63,15,2.0,0.133,False,False,False,0.9,5,0.25,False,
DiscoTope,RESP,Mycobacterium tuberculosis,bacteria,linear,103544,O53673,85,99,15,10.0,0.667,True,True,True,0.9,5,0.25,False,
DiscoTope,RESP,Mycobacterium tuberculosis,bacteria,linear,103547,P9WGU1,259,273,15,2.0,0.133,False,False,False,0.9,5,0.25,False,
DiscoTope,RESP,Mycobacterium tuberculosis,bacteria,linear,103548,P9WJQ9,88,102,15,0.0,0.0,False,False,False,0.9,5,0.25,False,
DiscoTope,RESP,Mycobacterium tuberculosis,bacteria,linear,103549,P9WN09,214,228,15,4.0,0.267,False,True,True,0.9,5,0.25,False,
DiscoTope,RESP,Mycobacterium tuberculosis,bacteria,linear,103550,O53611,274,288,15,6.0,0.4,True,True,True,0.9,5,0.25,False,
DiscoTope,RESP,Mycobacterium tuberculosis,bacteria,linear,103554,P9WPE7,319,333,15,0.0,0.0,False,False,False,0.9,5,0.25,False,
DiscoTope,RESP,Mycobacterium tuberculosis,bacteria,linear,103566,P9WFR1,160,174,15,6.0,0.4,True,True,True,0.9,5,0.25,False,
DiscoTope,RESP,Mycobacterium tuberculosis,bacteria,linear,103569,P9WGT9,70,84,15,6.0,0.4,True,True,True,0.9,5,0.25,False,
DiscoTope,RESP,Mycobacterium tuberculosis,bacteria,linear,103577,P9WGT7,232,246,15,2.0,0.133,False,False,False,0.9,5,0.25,False,
DiscoTope,RESP,Mycobacterium tuberculosis,bacteria,linear,103578,P9WQP1,160,174,15,0.0,0.0,False,False,False,0.9,5,0.25,False,
DiscoTope,RESP,Mycobacterium tuberculosis,bacteria,linear,103579,P9WGT9,115,129,15,1.0,0.067,False,False,False,0.9,5,0.25,False,
DiscoTope,RESP,Mycobacterium tuberculosis,bacteria,linear,103580,O53692,16,30,15,2.0,0.133,False,False,False,0.9,5,0.25,False,
DiscoTope,RESP,Mycobacterium tuberculosis,bacteria,linear,103589,P9WHE3,61,75,15,0.0,0.0,False,False,False,0.9,5,0.25,False,
DiscoTope,RESP,Mycobacterium tuberculosis,bacteria,linear,103605,P9WPE7,223,237,15,7.0,0.467,True,True,True,0.9,5,0.25,False,
DiscoTope,RESP,Mycobacterium tuberculosis,bacteria,linear,103612,I6Y231,802,816,15,2.0,0.133,False,False,False,0.9,5,0.25,False,
DiscoTope,RESP,Mycobacterium tuberculosis,bacteria,linear,103620,P9WFC9,127,141,15,3.0,0.2,False,False,False,0.9,5,0.25,False,
DiscoTope,RESP,Mycobacterium tuberculosis,bacteria,linear,103629,I6Y231,1006,1020,15,4.0,0.267,False,True,True,0.9,5,0.25,False,
DiscoTope,RESP,Mycobacterium tuberculosis,bacteria,linear,103633,P9WGU1,328,342,15,0.0,0.0,False,False,False,0.9,5,0.25,False,
DiscoTope,RESP,Mycobacterium tuberculosis,bacteria,linear,103635,P9WIN9,10,24,15,1.0,0.067,False,False,False,0.9,5,0.25,False,
DiscoTope,RESP,Mycobacterium tuberculosis,bacteria,linear,103636,P9WK17,409,423,15,2.0,0.133,False,False,False,0.9,5,0.25,False,
DiscoTope,RESP,Mycobacterium tuberculosis,bacteria,linear,103641,P9WK17,145,159,15,10.0,0.667,True,True,True,0.9,5,0.25,False,
DiscoTope,RESP,Mycobacterium tuberculosis,bacteria,linear,103645,Q6MWX9,3070,3084,15,,,,,,0.9,5,0.25,True,missing_prediction_for_protein
DiscoTope,RESP,Mycobacterium tuberculosis,bacteria,linear,103649,P9WJD3,85,99,15,0.0,0.0,False,False,False,0.9,5,0.25,False,
DiscoTope,RESP,Mycobacterium tuberculosis,bacteria,linear,103651,P9WK17,574,588,15,3.0,0.2,False,False,False,0.9,5,0.25,False,
DiscoTope,RESP,Mycobacterium tuberculosis,bacteria,linear,103659,P9WGU1,331,345,15,1.0,0.067,False,False,False,0.9,5,0.25,False,
DiscoTope,RESP,Mycobacterium tuberculosis,bacteria,linear,103661,P9WIN9,193,207,15,2.0,0.133,False,False,False,0.9,5,0.25,False,
DiscoTope,RESP,Mycobacterium tuberculosis,bacteria,linear,103664,Q6MWX9,1723,1737,15,,,,,,0.9,5,0.25,True,missing_prediction_for_protein
DiscoTope,RESP,Mycobacterium tuberculosis,bacteria,linear,103668,P9WQP1,142,156,15,2.0,0.133,False,False,False,0.9,5,0.25,False,
DiscoTope,RESP,Mycobacterium tuberculosis,bacteria,linear,103669,P9WGY9,244,258,15,6.0,0.4,True,True,True,0.9,5,0.25,False,
DiscoTope,RESP,Mycobacterium tuberculosis,bacteria,linear,103677,P9WFR1,295,309,15,6.0,0.4,True,True,True,0.9,5,0.25,False,
DiscoTope,RESP,Mycobacterium tuberculosis,bacteria,linear,103680,O07175,334,348,15,5.0,0.333,True,True,True,0.9,5,0.25,False,
DiscoTope,RESP,Mycobacterium tuberculosis,bacteria,linear,103686,P9WP43,142,156,15,4.0,0.267,False,True,True,0.9,5,0.25,False,
DiscoTope,RESP,Mycobacterium tuberculosis,bacteria,linear,103687,P9WJQ9,103,117,15,0.0,0.0,False,False,False,0.9,5,0.25,False,
DiscoTope,RESP,Mycobacterium tuberculosis,bacteria,linear,103693,O33192,28,42,15,0.0,0.0,False,False,False,0.9,5,0.25,False,
DiscoTope,RESP,Mycobacterium tuberculosis,bacteria,linear,103694,P9WFC9,112,126,15,7.0,0.467,True,True,True,0.9,5,0.25,False,
DiscoTope,RESP,Mycobacterium tuberculosis,bacteria,linear,103695,P9WPE5,46,60,15,7.0,0.467,True,True,True,0.9,5,0.25,False,
DiscoTope,RESP,Mycobacterium tuberculosis,bacteria,linear,103697,P9WJD3,319,333,15,1.0,0.067,False,False,False,0.9,5,0.25,False,
DiscoTope,RESP,Mycobacterium tuberculosis,bacteria,linear,103700,I6Y231,931,945,15,2.0,0.133,False,False,False,0.9,5,0.25,False,
DiscoTope,RESP,Mycobacterium tuberculosis,bacteria,linear,103703,P9WFR1,331,345,15,0.0,0.0,False,False,False,0.9,5,0.25,False,
DiscoTope,RESP,Mycobacterium tuberculosis,bacteria,linear,103708,P9WPQ1,31,45,15,7.0,0.467,True,True,True,0.9,5,0.25,False,
DiscoTope,RESP,Mycobacterium tuberculosis,bacteria,linear,103716,P9WGY9,400,414,15,7.0,0.467,True,True,True,0.9,5,0.25,False,
DiscoTope,RESP,Mycobacterium tuberculosis,bacteria,linear,103717,P9WN09,211,225,15,5.0,0.333,True,True,True,0.9,5,0.25,False,
DiscoTope,RESP,Mycobacterium tuberculosis,bacteria,linear,103718,P9WMK1,124,138,15,0.0,0.0,False,False,False,0.9,5,0.25,False,
DiscoTope,RESP,Mycobacterium tuberculosis,bacteria,linear,103720,P9WNF5,154,168,15,1.0,0.067,False,False,False,0.9,5,0.25,False,
DiscoTope,RESP,Mycobacterium tuberculosis,bacteria,linear,103729,P9WQP1,220,234,15,6.0,0.4,True,True,True,0.9,5,0.25,False,
DiscoTope,RESP,Mycobacterium tuberculosis,bacteria,linear,103731,O53519,31,45,15,7.0,0.467,True,True,True,0.9,5,0.25,False,
DiscoTope,RESP,Mycobacterium tuberculosis,bacteria,linear,103732,P9WQP1,148,162,15,2.0,0.133,False,False,False,0.9,5,0.25,False,
DiscoTope,RESP,Mycobacterium tuberculosis,bacteria,linear,103737,Q79FE1,31,45,15,4.0,0.267,False,True,True,0.9,5,0.25,False,
DiscoTope,RESP,Mycobacterium tuberculosis,bacteria,linear,103738,P9WGT9,247,261,15,4.0,0.267,False,True,True,0.9,5,0.25,False,
DiscoTope,RESP,Mycobacterium tuberculosis,bacteria,linear,103744,P9WPE7,358,372,15,4.0,0.267,False,True,True,0.9,5,0.25,False,
DiscoTope,RESP,Mycobacterium tuberculosis,bacteria,linear,103745,O53611,238,252,15,5.0,0.333,True,True,True,0.9,5,0.25,False,
DiscoTope,RESP,Mycobacterium tuberculosis,bacteria,linear,103746,P9WNF5,130,144,15,2.0,0.133,False,False,False,0.9,5,0.25,False,
DiscoTope,RESP,Mycobacterium tuberculosis,bacteria,linear,103747,P9WGU1,247,261,15,5.0,0.333,True,True,True,0.9,5,0.25,False,
DiscoTope,RESP,Mycobacterium tuberculosis,bacteria,linear,103751,P9WGT9,79,93,15,3.0,0.2,False,False,False,0.9,5,0.25,False,
DiscoTope,RESP,Mycobacterium tuberculosis,bacteria,linear,103754,P9WI79,214,228,15,10.0,0.667,True,True,True,0.9,5,0.25,False,
DiscoTope,RESP,Mycobacterium tuberculosis,bacteria,linear,103755,P9WN09,193,207,15,6.0,0.4,True,True,True,0.9,5,0.25,False,
DiscoTope,RESP,Mycobacterium tuberculosis,bacteria,linear,103756,P9WQD1,162,176,15,2.0,0.133,False,False,False,0.9,5,0.25,False,
DiscoTope,RESP,Mycobacterium tuberculosis,bacteria,linear,105967,P9WK61,1,20,20,0.0,0.0,False,False,False,0.9,5,0.25,False,
DiscoTope,RESP,Mycobacterium tuberculosis,bacteria,linear,119611,P9WPE7,417,431,15,5.0,0.333,True,True,True,0.9,5,0.25,False,
DiscoTope,RESP,Mycobacterium tuberculosis,bacteria,linear,119655,P9WPE7,513,527,15,2.0,0.133,False,False,False,0.9,5,0.25,False,
DiscoTope,RESP,Mycobacterium tuberculosis,bacteria,linear,120392,P95149,150,173,24,0.0,0.0,False,False,False,0.9,5,0.25,False,
DiscoTope,RESP,Mycobacterium tuberculosis,bacteria,linear,120399,O06608,324,344,21,6.0,0.286,True,True,True,0.9,5,0.25,False,
DiscoTope,RESP,Mycobacterium tuberculosis,bacteria,linear,120408,O05461,398,412,15,11.0,0.733,True,True,True,0.9,5,0.25,False,
DiscoTope,RESP,Mycobacterium tuberculosis,bacteria,linear,120410,P9WHM5,13,27,15,2.0,0.133,False,False,False,0.9,5,0.25,False,
DiscoTope,RESP,Mycobacterium tuberculosis,bacteria,linear,120421,P9WNK5,54,66,13,0.0,0.0,False,False,False,0.9,5,0.25,False,
DiscoTope,RESP,Mycobacterium tuberculosis,bacteria,linear,120428,O05461,373,385,13,1.0,0.077,False,False,False,0.9,5,0.25,False,
DiscoTope,RESP,Mycobacterium tuberculosis,bacteria,linear,120441,P9WQM5,414,433,20,0.0,0.0,False,False,False,0.9,5,0.25,False,
DiscoTope,RESP,Mycobacterium tuberculosis,bacteria,linear,120452,P95149,92,116,25,7.0,0.28,True,True,True,0.9,5,0.25,False,
DiscoTope,RESP,Mycobacterium tuberculosis,bacteria,linear,120481,P9WGU1,141,155,15,0.0,0.0,False,False,False,0.9,5,0.25,False,
DiscoTope,RESP,Mycobacterium tuberculosis,bacteria,linear,120511,P9WHM5,173,197,25,3.0,0.12,False,False,False,0.9,5,0.25,False,
DiscoTope,RESP,Mycobacterium tuberculosis,bacteria,linear,120537,P9WF73,60,81,22,9.0,0.409,True,True,True,0.9,5,0.25,False,
DiscoTope,RESP,Mycobacterium tuberculosis,bacteria,linear,120550,P9WJC3,217,229,13,0.0,0.0,False,False,False,0.9,5,0.25,False,
DiscoTope,RESP,Mycobacterium tuberculosis,bacteria,linear,120569,P71810,8,32,25,0.0,0.0,False,False,False,0.9,5,0.25,False,
DiscoTope,RESP,Mycobacterium tuberculosis,bacteria,linear,120587,P9WJW7,99,120,22,2.0,0.091,False,False,False,0.9,5,0.25,False,
DiscoTope,RESP,Mycobacterium tuberculosis,bacteria,linear,120630,P9WJW7,14,38,25,2.0,0.08,False,False,False,0.9,5,0.25,False,
DiscoTope,RESP,Mycobacterium tuberculosis,bacteria,linear,120639,P96264,217,240,24,6.0,0.25,True,True,True,0.9,5,0.25,False,
DiscoTope,RESP,Mycobacterium tuberculosis,bacteria,linear,120777,P9WK31,37,60,24,1.0,0.042,False,False,False,0.9,5,0.25,False,
DiscoTope,RESP,Mycobacterium tuberculosis,bacteria,linear,120788,P9WQM5,139,163,25,4.0,0.16,False,False,False,0.9,5,0.25,False,
DiscoTope,RESP,Mycobacterium tuberculosis,bacteria,linear,120802,O06824,1,23,23,3.0,0.13,False,False,False,0.9,5,0.25,False,
DiscoTope,RESP,Mycobacterium tuberculosis,bacteria,linear,120810,P96264,1,11,11,4.0,0.364,False,True,True,0.9,5,0.25,False,
DiscoTope,RESP,Mycobacterium tuberculosis,bacteria,linear,120870,P9WJC1,326,338,13,4.0,0.308,False,True,True,0.9,5,0.25,False,
DiscoTope,RESP,Mycobacterium tuberculosis,bacteria,linear,120878,P9WJW7,57,80,24,1.0,0.042,False,False,False,0.9,5,0.25,False,
DiscoTope,RESP,Mycobacterium tuberculosis,bacteria,linear,120887,O69703,35,56,22,3.0,0.136,False,False,False,0.9,5,0.25,False,
DiscoTope,RESP,Mycobacterium tuberculosis,bacteria,linear,120892,P9WNI7,73,85,13,0.0,0.0,False,False,False,0.9,5,0.25,False,
DiscoTope,RESP,Mycobacterium tuberculosis,bacteria,linear,120904,P9WF43,69,81,13,0.0,0.0,False,False,False,0.9,5,0.25,False,
DiscoTope,RESP,Mycobacterium tuberculosis,bacteria,linear,120912,P71810,120,143,24,8.0,0.333,True,True,True,0.9,5,0.25,False,
DiscoTope,RESP,Mycobacterium tuberculosis,bacteria,linear,120961,P9WJW7,205,226,22,2.0,0.091,False,False,False,0.9,5,0.25,False,
DiscoTope,RESP,Mycobacterium tuberculosis,bacteria,linear,121017,P95149,539,563,25,4.0,0.16,False,False,False,0.9,5,0.25,False,
DiscoTope,RESP,Mycobacterium tuberculosis,bacteria,linear,121057,P9WJW7,229,248,20,10.0,0.5,True,True,True,0.9,5,0.25,False,
DiscoTope,RESP,Mycobacterium tuberculosis,bacteria,linear,121059,P9WI37,105,129,25,13.0,0.52,True,True,True,0.9,5,0.25,False,
DiscoTope,RESP,Mycobacterium tuberculosis,bacteria,linear,122097,O06404,401,420,20,1.0,0.05,False,False,False,0.9,5,0.25,False,
DiscoTope,RESP,Mycobacterium tuberculosis,bacteria,linear,122140,O06404,81,100,20,1.0,0.05,False,False,False,0.9,5,0.25,False,
DiscoTope,RESP,Mycobacterium tuberculosis,bacteria,linear,122143,O06404,121,140,20,3.0,0.15,False,False,False,0.9,5,0.25,False,
DiscoTope,RESP,Mycobacterium tuberculosis,bacteria,linear,122162,O06404,391,410,20,4.0,0.2,False,False,False,0.9,5,0.25,False,
DiscoTope,RESP,Bordetella pertussis,bacteria,linear,125022,P04977,73,82,10,5.0,0.5,True,True,True,0.9,5,0.25,False,
DiscoTope,RESP,Haemophilus influenzae,bacteria,linear,125236,P43867,240,257,18,,,,,,0.9,5,0.25,True,end_pos_exceeds_pred_len(257>193)
DiscoTope,RESP,Bordetella pertussis,bacteria,linear,125327,P04977,8,18,11,2.0,0.182,False,False,False,0.9,5,0.25,False,
DiscoTope,RESP,Bordetella pertussis,bacteria,linear,125330,P04977,107,116,10,6.0,0.6,True,True,True,0.9,5,0.25,False,
DiscoTope,RESP,Mycobacterium tuberculosis,bacteria,linear,132976,P9WPE7,504,512,9,0.0,0.0,False,False,False,0.9,5,0.25,False,
DiscoTope,RESP,Mycobacterium tuberculosis,bacteria,linear,132994,P9WPE7,97,109,13,1.0,0.077,False,False,False,0.9,5,0.25,False,
DiscoTope,RESP,Mycobacterium tuberculosis,bacteria,linear,133045,P9WPE7,289,303,15,4.0,0.267,False,True,True,0.9,5,0.25,False,
DiscoTope,RESP,Mycobacterium tuberculosis,bacteria,linear,133070,P9WPE7,189,203,15,1.0,0.067,False,False,False,0.9,5,0.25,False,
DiscoTope,RESP,Mycobacterium tuberculosis,bacteria,linear,133084,P9WPE7,177,191,15,3.0,0.2,False,False,False,0.9,5,0.25,False,
DiscoTope,RESP,Mycobacterium tuberculosis,bacteria,linear,133103,P9WPE7,109,123,15,0.0,0.0,False,False,False,0.9,5,0.25,False,
DiscoTope,RESP,Mycobacterium tuberculosis,bacteria,linear,133204,P9WPE7,485,499,15,2.0,0.133,False,False,False,0.9,5,0.25,False,
DiscoTope,RESP,Mycobacterium tuberculosis,bacteria,linear,133219,P9WPE7,305,319,15,6.0,0.4,True,True,True,0.9,5,0.25,False,
DiscoTope,RESP,Mycobacterium tuberculosis,bacteria,linear,133264,P9WPE7,179,187,9,3.0,0.333,False,True,True,0.9,5,0.25,False,
DiscoTope,RESP,Streptococcus pneumoniae,bacteria,linear,134365,A0A0H2UMZ8,438,464,27,15.0,0.556,True,True,True,0.9,5,0.25,False,
DiscoTope,RESP,Streptococcus pneumoniae,bacteria,linear,134471,A0A0H2UMZ8,426,430,5,1.0,0.2,False,False,False,0.9,5,0.25,False,
DiscoTope,RESP,Haemophilus influenzae,bacteria,linear,140821,P10324,141,152,12,1.0,0.083,False,False,False,0.9,5,0.25,False,
DiscoTope,RESP,Haemophilus influenzae,bacteria,linear,140823,P10324,114,125,12,3.0,0.25,False,True,True,0.9,5,0.25,False,
DiscoTope,RESP,Haemophilus influenzae,bacteria,linear,140825,P10324,120,139,20,8.0,0.4,True,True,True,0.9,5,0.25,False,
DiscoTope,RESP,Haemophilus influenzae,bacteria,linear,140826,P10324,70,89,20,0.0,0.0,False,False,False,0.9,5,0.25,False,
DiscoTope,RESP,Haemophilus influenzae,bacteria,linear,140830,P10324,134,145,12,7.0,0.583,True,True,True,0.9,5,0.25,False,
DiscoTope,RESP,Haemophilus influenzae,bacteria,linear,140831,P10324,134,153,20,7.0,0.35,True,True,True,0.9,5,0.25,False,
DiscoTope,RESP,Haemophilus influenzae,bacteria,linear,140834,P10324,107,118,12,4.0,0.333,False,True,True,0.9,5,0.25,False,
DiscoTope,RESP,Haemophilus influenzae,bacteria,linear,140835,P10324,107,126,20,4.0,0.2,False,False,False,0.9,5,0.25,False,
DiscoTope,RESP,Haemophilus influenzae,bacteria,linear,140836,P10324,139,150,12,3.0,0.25,False,True,True,0.9,5,0.25,False,
DiscoTope,RESP,Haemophilus influenzae,bacteria,linear,140839,P10324,90,109,20,6.0,0.3,True,True,True,0.9,5,0.25,False,
DiscoTope,RESP,Haemophilus influenzae,bacteria,linear,140840,P10324,140,151,12,2.0,0.167,False,False,False,0.9,5,0.25,False,
DiscoTope,RESP,Haemophilus influenzae,bacteria,linear,140841,P10324,130,141,12,9.0,0.75,True,True,True,0.9,5,0.25,False,
DiscoTope,RESP,Haemophilus influenzae,bacteria,linear,140842,P10324,86,105,20,6.0,0.3,True,True,True,0.9,5,0.25,False,
DiscoTope,RESP,Haemophilus influenzae,bacteria,linear,140843,P10324,131,142,12,8.0,0.667,True,True,True,0.9,5,0.25,False,
DiscoTope,RESP,Haemophilus influenzae,bacteria,linear,140844,P10324,131,150,20,9.0,0.45,True,True,True,0.9,5,0.25,False,
DiscoTope,RESP,Haemophilus influenzae,bacteria,linear,140852,P10324,129,140,12,9.0,0.75,True,True,True,0.9,5,0.25,False,
DiscoTope,RESP,Haemophilus influenzae,bacteria,linear,140853,P10324,62,81,20,1.0,0.05,False,False,False,0.9,5,0.25,False,
DiscoTope,RESP,Haemophilus influenzae,bacteria,linear,140854,P10324,54,73,20,5.0,0.25,True,True,True,0.9,5,0.25,False,
DiscoTope,RESP,Haemophilus influenzae,bacteria,linear,140855,P10324,137,148,12,5.0,0.417,True,True,True,0.9,5,0.25,False,
DiscoTope,RESP,Haemophilus influenzae,bacteria,linear,140856,P10324,115,126,12,3.0,0.25,False,True,True,0.9,5,0.25,False,
DiscoTope,RESP,Haemophilus influenzae,bacteria,linear,140857,P10324,121,132,12,3.0,0.25,False,True,True,0.9,5,0.25,False,
DiscoTope,RESP,Haemophilus influenzae,bacteria,linear,140859,P10324,102,113,12,2.0,0.167,False,False,False,0.9,5,0.25,False,
DiscoTope,RESP,Haemophilus influenzae,bacteria,linear,140861,P10324,124,135,12,4.0,0.333,False,True,True,0.9,5,0.25,False,
DiscoTope,RESP,Haemophilus influenzae,bacteria,linear,140862,P10324,124,143,20,10.0,0.5,True,True,True,0.9,5,0.25,False,
DiscoTope,RESP,Haemophilus influenzae,bacteria,linear,140863,P10324,117,128,12,1.0,0.083,False,False,False,0.9,5,0.25,False,
DiscoTope,RESP,Haemophilus influenzae,bacteria,linear,140864,P10324,111,122,12,4.0,0.333,False,True,True,0.9,5,0.25,False,
DiscoTope,RESP,Haemophilus influenzae,bacteria,linear,140865,P10324,111,130,20,5.0,0.25,True,True,True,0.9,5,0.25,False,
DiscoTope,RESP,Haemophilus influenzae,bacteria,linear,140869,P10324,99,110,12,1.0,0.083,False,False,False,0.9,5,0.25,False,
DiscoTope,RESP,Haemophilus influenzae,bacteria,linear,140870,P10324,99,118,20,5.0,0.25,True,True,True,0.9,5,0.25,False,
DiscoTope,RESP,Haemophilus influenzae,bacteria,linear,140872,P10324,116,127,12,2.0,0.167,False,False,False,0.9,5,0.25,False,
DiscoTope,RESP,Haemophilus influenzae,bacteria,linear,140873,P10324,116,135,20,6.0,0.3,True,True,True,0.9,5,0.25,False,
DiscoTope,RESP,Haemophilus influenzae,bacteria,linear,140874,P10324,110,121,12,4.0,0.333,False,True,True,0.9,5,0.25,False,
DiscoTope,RESP,Haemophilus influenzae,bacteria,linear,140876,P10324,132,143,12,8.0,0.667,True,True,True,0.9,5,0.25,False,
DiscoTope,RESP,Haemophilus influenzae,bacteria,linear,140878,P10324,113,124,12,3.0,0.25,False,True,True,0.9,5,0.25,False,
DiscoTope,RESP,Haemophilus influenzae,bacteria,linear,140882,P10324,136,147,12,6.0,0.5,True,True,True,0.9,5,0.25,False,
DiscoTope,RESP,Haemophilus influenzae,bacteria,linear,140883,P10324,101,112,12,2.0,0.167,False,False,False,0.9,5,0.25,False,
DiscoTope,RESP,Haemophilus influenzae,bacteria,linear,140888,P10324,98,109,12,1.0,0.083,False,False,False,0.9,5,0.25,False,
DiscoTope,RESP,Haemophilus influenzae,bacteria,linear,140889,P10324,133,144,12,7.0,0.583,True,True,True,0.9,5,0.25,False,
DiscoTope,RESP,Haemophilus influenzae,bacteria,linear,140892,P10324,66,85,20,0.0,0.0,False,False,False,0.9,5,0.25,False,
DiscoTope,RESP,Haemophilus influenzae,bacteria,linear,140894,P10324,103,114,12,2.0,0.167,False,False,False,0.9,5,0.25,False,
DiscoTope,RESP,Haemophilus influenzae,bacteria,linear,140895,P10324,103,122,20,5.0,0.25,True,True,True,0.9,5,0.25,False,
DiscoTope,RESP,Haemophilus influenzae,bacteria,linear,140896,P10324,46,65,20,8.0,0.4,True,True,True,0.9,5,0.25,False,
DiscoTope,RESP,Haemophilus influenzae,bacteria,linear,140897,P10324,105,116,12,3.0,0.25,False,True,True,0.9,5,0.25,False,
DiscoTope,RESP,Haemophilus influenzae,bacteria,linear,140898,P10324,104,115,12,3.0,0.25,False,True,True,0.9,5,0.25,False,
DiscoTope,RESP,Haemophilus influenzae,bacteria,linear,140902,P10324,22,41,20,1.0,0.05,False,False,False,0.9,5,0.25,False,
DiscoTope,RESP,Haemophilus influenzae,bacteria,linear,140904,P10324,127,138,12,7.0,0.583,True,True,True,0.9,5,0.25,False,
DiscoTope,RESP,Haemophilus influenzae,bacteria,linear,140905,P10324,78,97,20,5.0,0.25,True,True,True,0.9,5,0.25,False,
DiscoTope,RESP,Haemophilus influenzae,bacteria,linear,140906,P10324,94,113,20,4.0,0.2,False,False,False,0.9,5,0.25,False,
DiscoTope,RESP,Haemophilus influenzae,bacteria,linear,140907,P10324,125,136,12,5.0,0.417,True,True,True,0.9,5,0.25,False,
DiscoTope,RESP,Haemophilus influenzae,bacteria,linear,140908,P10324,50,69,20,5.0,0.25,True,True,True,0.9,5,0.25,False,
DiscoTope,RESP,Haemophilus influenzae,bacteria,linear,140914,P10324,135,146,12,7.0,0.583,True,True,True,0.9,5,0.25,False,
DiscoTope,RESP,Haemophilus influenzae,bacteria,linear,140916,P10324,126,137,12,6.0,0.5,True,True,True,0.9,5,0.25,False,
DiscoTope,RESP,Haemophilus influenzae,bacteria,linear,140933,P10324,58,77,20,3.0,0.15,False,False,False,0.9,5,0.25,False,
DiscoTope,RESP,Haemophilus influenzae,bacteria,linear,140934,P10324,128,139,12,8.0,0.667,True,True,True,0.9,5,0.25,False,
DiscoTope,RESP,Haemophilus influenzae,bacteria,linear,140935,P10324,128,147,20,10.0,0.5,True,True,True,0.9,5,0.25,False,
DiscoTope,RESP,Haemophilus influenzae,bacteria,linear,140936,P10324,112,123,12,4.0,0.333,False,True,True,0.9,5,0.25,False,
DiscoTope,RESP,Haemophilus influenzae,bacteria,linear,140938,P10324,74,93,20,3.0,0.15,False,False,False,0.9,5,0.25,False,
DiscoTope,RESP,Haemophilus influenzae,bacteria,linear,140939,P10324,97,108,12,2.0,0.167,False,False,False,0.9,5,0.25,False,
DiscoTope,RESP,Mycobacterium tuberculosis,bacteria,linear,142231,P9WK61,1,24,24,0.0,0.0,False,False,False,0.9,5,0.25,False,
DiscoTope,RESP,Mycobacterium tuberculosis,bacteria,linear,142233,P96901,1,32,32,13.0,0.406,True,True,True,0.9,5,0.25,False,
DiscoTope,RESP,Haemophilus influenzae,bacteria,linear,145799,P43838,197,215,19,7.0,0.368,True,True,True,0.9,5,0.25,False,
DiscoTope,RESP,Haemophilus influenzae,bacteria,linear,146084,P43838,187,203,17,0.0,0.0,False,False,False,0.9,5,0.25,False,
DiscoTope,RESP,Mycobacterium tuberculosis,bacteria,linear,149244,P9WQP1,217,231,15,8.0,0.533,True,True,True,0.9,5,0.25,False,
DiscoTope,RESP,Mycobacterium tuberculosis,bacteria,linear,149330,P9WQP1,169,183,15,0.0,0.0,False,False,False,0.9,5,0.25,False,
DiscoTope,RESP,Mycobacterium tuberculosis,bacteria,linear,161597,P9WNK7,73,87,15,0.0,0.0,False,False,False,0.9,5,0.25,False,
DiscoTope,RESP,Mycobacterium tuberculosis,bacteria,linear,161652,P9WNK5,39,53,15,7.0,0.467,True,True,True,0.9,5,0.25,False,
DiscoTope,RESP,Mycobacterium tuberculosis,bacteria,linear,162143,P9WQN9,201,215,15,10.0,0.667,True,True,True,0.9,5,0.25,False,
DiscoTope,RESP,Mycobacterium tuberculosis,bacteria,linear,162464,P9WHU5,201,215,16,3.0,0.188,False,False,False,0.9,5,0.25,False,
DiscoTope,RESP,Mycobacterium tuberculosis,bacteria,linear,163644,P9WHW9,122,136,15,4.0,0.267,False,True,True,0.9,5,0.25,False,
DiscoTope,RESP,Mycobacterium tuberculosis,bacteria,linear,175506,P9WPE7,259,278,20,5.0,0.25,True,True,True,0.9,5,0.25,False,
DiscoTope,RESP,Mycobacterium tuberculosis,bacteria,linear,175726,P96402,381,400,20,0.0,0.0,False,False,False,0.9,5,0.25,False,
DiscoTope,RESP,Mycobacterium tuberculosis,bacteria,linear,175729,P96402,21,40,20,3.0,0.15,False,False,False,0.9,5,0.25,False,
DiscoTope,RESP,Mycobacterium tuberculosis,bacteria,linear,175813,P96402,331,350,20,2.0,0.1,False,False,False,0.9,5,0.25,False,
DiscoTope,RESP,Mycobacterium tuberculosis,bacteria,linear,175902,P96402,231,250,20,0.0,0.0,False,False,False,0.9,5,0.25,False,
DiscoTope,RESP,Mycobacterium tuberculosis,bacteria,linear,176359,P96402,251,270,20,7.0,0.35,True,True,True,0.9,5,0.25,False,
DiscoTope,RESP,Mycobacterium tuberculosis,bacteria,linear,176657,P96402,51,70,20,6.0,0.3,True,True,True,0.9,5,0.25,False,
DiscoTope,RESP,Mycobacterium tuberculosis,bacteria,linear,177591,P9WLS9,63,77,15,2.0,0.133,False,False,False,0.9,5,0.25,False,
DiscoTope,RESP,Mycobacterium tuberculosis,bacteria,linear,177826,P9WK61,51,61,11,2.0,0.182,False,False,False,0.9,5,0.25,False,
DiscoTope,RESP,Mycobacterium tuberculosis,bacteria,linear,177915,P9WQP1,56,64,9,3.0,0.333,False,True,True,0.9,5,0.25,False,
DiscoTope,RESP,Streptococcus pneumoniae,bacteria,linear,178366,P0C2J9,433,437,5,5.0,1.0,True,True,True,0.9,5,0.25,False,
DiscoTope,RESP,Mycobacterium tuberculosis,bacteria,linear,178388,P9WNK7,57,61,5,0.0,0.0,False,False,False,0.9,5,0.25,False,
DiscoTope,RESP,Mycobacterium tuberculosis,bacteria,linear,179111,P9WI05,26,40,15,1.0,0.067,False,False,False,0.9,5,0.25,False,
DiscoTope,RESP,Mycobacterium tuberculosis,bacteria,linear,180910,P9WIN9,43,62,20,4.0,0.2,False,False,False,0.9,5,0.25,False,
DiscoTope,RESP,Mycobacterium tuberculosis,bacteria,linear,180963,P9WH05,443,451,9,7.0,0.778,True,True,True,0.9,5,0.25,False,
DiscoTope,RESP,Mycobacterium tuberculosis,bacteria,linear,181733,P9WQP1,1,40,40,14.0,0.35,True,True,True,0.9,5,0.25,False,
DiscoTope,RESP,Mycobacterium tuberculosis,bacteria,linear,183374,P9WQP1,289,295,7,1.0,0.143,False,False,False,0.9,5,0.25,False,
DiscoTope,RESP,Mycobacterium tuberculosis,bacteria,linear,185214,P9WQP1,47,55,9,1.0,0.111,False,False,False,0.9,5,0.25,False,
DiscoTope,RESP,Bordetella pertussis,bacteria,linear,187226,P14283,65,70,6,1.0,0.167,False,False,False,0.9,5,0.25,False,
DiscoTope,RESP,Bordetella pertussis,bacteria,linear,187498,P12255,2001,2015,15,,,,,,0.9,5,0.25,True,end_pos_exceeds_pred_len(2015>297)
DiscoTope,RESP,Bordetella pertussis,bacteria,linear,187623,P12255,672,693,22,,,,,,0.9,5,0.25,True,end_pos_exceeds_pred_len(693>297)
DiscoTope,RESP,Bordetella pertussis,bacteria,linear,187624,P12255,672,694,23,,,,,,0.9,5,0.25,True,end_pos_exceeds_pred_len(694>297)
DiscoTope,RESP,Bordetella pertussis,bacteria,linear,187625,P12255,2226,2255,30,,,,,,0.9,5,0.25,True,end_pos_exceeds_pred_len(2255>297)
DiscoTope,RESP,Bordetella pertussis,bacteria,linear,187626,P12255,617,628,12,,,,,,0.9,5,0.25,True,end_pos_exceeds_pred_len(628>297)
DiscoTope,RESP,Bordetella pertussis,bacteria,linear,187632,P12255,584,598,15,,,,,,0.9,5,0.25,True,end_pos_exceeds_pred_len(598>297)
DiscoTope,RESP,Bordetella pertussis,bacteria,linear,187633,P12255,1952,1963,12,,,,,,0.9,5,0.25,True,end_pos_exceeds_pred_len(1963>297)
DiscoTope,RESP,Bordetella pertussis,bacteria,linear,187634,P12255,1406,1417,12,,,,,,0.9,5,0.25,True,end_pos_exceeds_pred_len(1417>297)
DiscoTope,RESP,Bordetella pertussis,bacteria,linear,187658,P12255,1229,1244,16,,,,,,0.9,5,0.25,True,end_pos_exceeds_pred_len(1244>297)
DiscoTope,RESP,Bordetella pertussis,bacteria,linear,187659,P12255,2190,2212,23,,,,,,0.9,5,0.25,True,end_pos_exceeds_pred_len(2212>297)
DiscoTope,RESP,Bordetella pertussis,bacteria,linear,187664,P12255,1526,1544,19,,,,,,0.9,5,0.25,True,end_pos_exceeds_pred_len(1544>297)
DiscoTope,RESP,Bordetella pertussis,bacteria,linear,187677,P12255,1951,1964,14,,,,,,0.9,5,0.25,True,end_pos_exceeds_pred_len(1964>297)
DiscoTope,RESP,Bordetella pertussis,bacteria,linear,187682,P12255,585,595,11,,,,,,0.9,5,0.25,True,end_pos_exceeds_pred_len(595>297)
DiscoTope,RESP,Bordetella pertussis,bacteria,linear,187690,P12255,1439,1448,10,,,,,,0.9,5,0.25,True,end_pos_exceeds_pred_len(1448>297)
DiscoTope,RESP,Bordetella pertussis,bacteria,linear,187691,P12255,1782,1793,12,,,,,,0.9,5,0.25,True,end_pos_exceeds_pred_len(1793>297)
DiscoTope,RESP,Bordetella pertussis,bacteria,linear,187692,P12255,1782,1801,20,,,,,,0.9,5,0.25,True,end_pos_exceeds_pred_len(1801>297)
DiscoTope,RESP,Bordetella pertussis,bacteria,linear,187695,P12255,1609,1620,12,,,,,,0.9,5,0.25,True,end_pos_exceeds_pred_len(1620>297)
DiscoTope,RESP,Bordetella pertussis,bacteria,linear,187698,P12255,579,595,17,,,,,,0.9,5,0.25,True,end_pos_exceeds_pred_len(595>297)
DiscoTope,RESP,Bordetella pertussis,bacteria,linear,187700,P12255,678,689,12,,,,,,0.9,5,0.25,True,end_pos_exceeds_pred_len(689>297)
DiscoTope,RESP,Bordetella pertussis,bacteria,linear,187705,P12255,586,597,12,,,,,,0.9,5,0.25,True,end_pos_exceeds_pred_len(597>297)
DiscoTope,RESP,Bordetella pertussis,bacteria,linear,187711,P12255,1338,1352,15,,,,,,0.9,5,0.25,True,end_pos_exceeds_pred_len(1352>297)
DiscoTope,RESP,Bordetella pertussis,bacteria,linear,187714,P12255,1408,1419,12,,,,,,0.9,5,0.25,True,end_pos_exceeds_pred_len(1419>297)
DiscoTope,RESP,Bordetella pertussis,bacteria,linear,187717,P12255,1617,1625,9,,,,,,0.9,5,0.25,True,end_pos_exceeds_pred_len(1625>297)
DiscoTope,RESP,Bordetella pertussis,bacteria,linear,188409,P05788,47,70,24,6.0,0.25,True,True,True,0.9,5,0.25,False,
DiscoTope,RESP,Mycobacterium tuberculosis,bacteria,linear,189824,P9WQP1,83,91,9,3.0,0.333,False,True,True,0.9,5,0.25,False,
DiscoTope,RESP,Mycobacterium tuberculosis,bacteria,linear,210570,P9WI37,531,545,15,2.0,0.133,False,False,False,0.9,5,0.25,False,
DiscoTope,RESP,Streptococcus pneumoniae,bacteria,linear,229071,A0A0H2UMZ8,9,19,11,1.0,0.091,False,False,False,0.9,5,0.25,False,
DiscoTope,RESP,Streptococcus pneumoniae,bacteria,linear,229072,A0A0H2UMZ8,9,23,15,4.0,0.267,False,True,True,0.9,5,0.25,False,
DiscoTope,RESP,Streptococcus pneumoniae,bacteria,linear,229075,A0A0H2UMZ8,383,387,5,2.0,0.4,False,True,True,0.9,5,0.25,False,
DiscoTope,RESP,Streptococcus pneumoniae,bacteria,linear,229076,A0A0H2UMZ8,306,313,8,1.0,0.125,False,False,False,0.9,5,0.25,False,
DiscoTope,RESP,Streptococcus pneumoniae,bacteria,linear,229083,A0A0H2UMZ8,22,32,11,8.0,0.727,True,True,True,0.9,5,0.25,False,
DiscoTope,RESP,Streptococcus pneumoniae,bacteria,linear,229084,A0A0H2UMZ8,9,23,15,4.0,0.267,False,True,True,0.9,5,0.25,False,
DiscoTope,RESP,Streptococcus pneumoniae,bacteria,linear,229085,A0A0H2UMZ8,22,36,15,11.0,0.733,True,True,True,0.9,5,0.25,False,
DiscoTope,RESP,Streptococcus pneumoniae,bacteria,linear,229088,A0A0H2UMZ8,106,115,10,5.0,0.5,True,True,True,0.9,5,0.25,False,
DiscoTope,RESP,Streptococcus pneumoniae,bacteria,linear,229091,A0A0H2UMZ8,34,44,11,5.0,0.455,True,True,True,0.9,5,0.25,False,
DiscoTope,RESP,Streptococcus pneumoniae,bacteria,linear,229133,A0A0H2UMZ8,294,301,8,0.0,0.0,False,False,False,0.9,5,0.25,False,
DiscoTope,RESP,Streptococcus pneumoniae,bacteria,linear,229137,A0A0H2UMZ8,17,31,15,10.0,0.667,True,True,True,0.9,5,0.25,False,
DiscoTope,RESP,Streptococcus pneumoniae,bacteria,linear,229138,A0A0H2UMZ8,30,40,11,9.0,0.818,True,True,True,0.9,5,0.25,False,
DiscoTope,RESP,Streptococcus pneumoniae,bacteria,linear,229148,A0A0H2UMZ8,46,56,11,0.0,0.0,False,False,False,0.9,5,0.25,False,
DiscoTope,RESP,Streptococcus pneumoniae,bacteria,linear,229151,A0A0H2US50,121,131,11,3.0,0.273,False,True,True,0.9,5,0.25,False,
DiscoTope,RESP,Streptococcus pneumoniae,bacteria,linear,229153,A0A0H2US50,273,283,11,0.0,0.0,False,False,False,0.9,5,0.25,False,
DiscoTope,RESP,Streptococcus pneumoniae,bacteria,linear,229154,A0A0H2UMZ8,393,407,15,7.0,0.467,True,True,True,0.9,5,0.25,False,
DiscoTope,RESP,Streptococcus pneumoniae,bacteria,linear,229162,A0A0H2UMZ8,101,115,15,8.0,0.533,True,True,True,0.9,5,0.25,False,
DiscoTope,RESP,Streptococcus pneumoniae,bacteria,linear,229190,A0A0H2UMZ8,202,209,8,2.0,0.25,False,True,True,0.9,5,0.25,False,
DiscoTope,RESP,Streptococcus pneumoniae,bacteria,linear,229191,A0A0H2UMZ8,202,210,9,2.0,0.222,False,False,False,0.9,5,0.25,False,
DiscoTope,RESP,Streptococcus pneumoniae,bacteria,linear,229196,A0A0H2UMZ8,153,163,11,5.0,0.455,True,True,True,0.9,5,0.25,False,
DiscoTope,RESP,Streptococcus pneumoniae,bacteria,linear,229197,A0A0H2UMZ8,176,183,8,0.0,0.0,False,False,False,0.9,5,0.25,False,
DiscoTope,RESP,Streptococcus pneumoniae,bacteria,linear,229201,A0A0H2UMZ8,73,86,14,0.0,0.0,False,False,False,0.9,5,0.25,False,
DiscoTope,RESP,Streptococcus pneumoniae,bacteria,linear,229210,A0A0H2US50,85,95,11,2.0,0.182,False,False,False,0.9,5,0.25,False,
DiscoTope,RESP,Streptococcus pneumoniae,bacteria,linear,229234,A0A0H2US50,1,15,15,1.0,0.067,False,False,False,0.9,5,0.25,False,
DiscoTope,RESP,Streptococcus pneumoniae,bacteria,linear,229258,A0A0H2US50,33,43,11,0.0,0.0,False,False,False,0.9,5,0.25,False,
DiscoTope,RESP,Streptococcus pneumoniae,bacteria,linear,229268,A0A0H2UMZ8,26,36,11,9.0,0.818,True,True,True,0.9,5,0.25,False,
DiscoTope,RESP,Streptococcus pneumoniae,bacteria,linear,229283,A0A0H2UMZ8,170,180,11,0.0,0.0,False,False,False,0.9,5,0.25,False,
DiscoTope,RESP,Streptococcus pneumoniae,bacteria,linear,229287,A0A0H2UMZ8,196,203,8,0.0,0.0,False,False,False,0.9,5,0.25,False,
DiscoTope,RESP,Streptococcus pneumoniae,bacteria,linear,229292,A0A0H2UMZ8,37,47,11,4.0,0.364,False,True,True,0.9,5,0.25,False,
DiscoTope,RESP,Streptococcus pneumoniae,bacteria,linear,229293,A0A0H2UMZ8,37,51,15,4.0,0.267,False,True,True,0.9,5,0.25,False,
DiscoTope,RESP,Streptococcus pneumoniae,bacteria,linear,229295,A0A0H2UMZ8,42,56,15,1.0,0.067,False,False,False,0.9,5,0.25,False,
DiscoTope,RESP,Streptococcus pneumoniae,bacteria,linear,229303,A0A0H2US50,53,59,7,1.0,0.143,False,False,False,0.9,5,0.25,False,
DiscoTope,RESP,Streptococcus pneumoniae,bacteria,linear,229309,A0A0H2UMZ8,150,164,15,5.0,0.333,True,True,True,0.9,5,0.25,False,
DiscoTope,RESP,Streptococcus pneumoniae,bacteria,linear,229323,A0A0H2UMZ8,45,59,15,1.0,0.067,False,False,False,0.9,5,0.25,False,
DiscoTope,RESP,Streptococcus pneumoniae,bacteria,linear,229324,A0A0H2UMZ8,82,88,7,1.0,0.143,False,False,False,0.9,5,0.25,False,
DiscoTope,RESP,Streptococcus pneumoniae,bacteria,linear,229351,A0A0H2US50,73,83,11,3.0,0.273,False,True,True,0.9,5,0.25,False,
DiscoTope,RESP,Streptococcus pneumoniae,bacteria,linear,229394,A0A0H2UMZ8,225,232,8,4.0,0.5,False,True,True,0.9,5,0.25,False,
DiscoTope,RESP,Streptococcus pneumoniae,bacteria,linear,229395,A0A0H2UMZ8,322,331,10,6.0,0.6,True,True,True,0.9,5,0.25,False,
DiscoTope,RESP,Streptococcus pneumoniae,bacteria,linear,229396,A0A0H2UMZ8,328,337,10,5.0,0.5,True,True,True,0.9,5,0.25,False,
DiscoTope,RESP,Streptococcus pneumoniae,bacteria,linear,229402,A0A0H2UMZ8,329,337,9,4.0,0.444,False,True,True,0.9,5,0.25,False,
DiscoTope,RESP,Streptococcus pneumoniae,bacteria,linear,229407,A0A0H2UMZ8,346,360,15,0.0,0.0,False,False,False,0.9,5,0.25,False,
DiscoTope,RESP,Streptococcus pneumoniae,bacteria,linear,229414,A0A0H2UMZ8,129,143,15,8.0,0.533,True,True,True,0.9,5,0.25,False,
DiscoTope,RESP,Streptococcus pneumoniae,bacteria,linear,229481,A0A0H2UMZ8,258,272,15,1.0,0.067,False,False,False,0.9,5,0.25,False,
DiscoTope,RESP,Streptococcus pneumoniae,bacteria,linear,229482,A0A0H2UMZ8,38,48,11,3.0,0.273,False,True,True,0.9,5,0.25,False,
DiscoTope,RESP,Streptococcus pneumoniae,bacteria,linear,229539,A0A0H2UMZ8,321,335,15,8.0,0.533,True,True,True,0.9,5,0.25,False,
DiscoTope,RESP,Streptococcus pneumoniae,bacteria,linear,229556,A0A0H2US50,173,187,15,1.0,0.067,False,False,False,0.9,5,0.25,False,
DiscoTope,RESP,Streptococcus pneumoniae,bacteria,linear,229567,A0A0H2US50,217,227,11,0.0,0.0,False,False,False,0.9,5,0.25,False,
DiscoTope,RESP,Streptococcus pneumoniae,bacteria,linear,229571,A0A0H2UMZ8,1,15,15,1.0,0.067,False,False,False,0.9,5,0.25,False,
DiscoTope,RESP,Streptococcus pneumoniae,bacteria,linear,229576,A0A0H2UMZ8,125,134,10,6.0,0.6,True,True,True,0.9,5,0.25,False,
DiscoTope,RESP,Mycobacterium tuberculosis,bacteria,linear,235502,O07166,64,74,11,2.0,0.182,False,False,False,0.9,5,0.25,False,
DiscoTope,RESP,Bordetella pertussis,bacteria,linear,238113,P14283,31,44,14,5.0,0.357,True,True,True,0.9,5,0.25,False,
DiscoTope,RESP,Bordetella pertussis,bacteria,linear,238118,P14283,866,871,6,0.0,0.0,False,False,False,0.9,5,0.25,False,
DiscoTope,RESP,Bordetella pertussis,bacteria,linear,238119,P14283,866,879,14,0.0,0.0,False,False,False,0.9,5,0.25,False,
DiscoTope,RESP,Bordetella pertussis,bacteria,linear,238137,P14283,716,729,14,0.0,0.0,False,False,False,0.9,5,0.25,False,
DiscoTope,RESP,Bordetella pertussis,bacteria,linear,238140,P14283,776,779,4,1.0,0.25,False,True,True,0.9,5,0.25,False,
DiscoTope,RESP,Bordetella pertussis,bacteria,linear,238171,P14283,676,689,14,1.0,0.071,False,False,False,0.9,5,0.25,False,
DiscoTope,RESP,Bordetella pertussis,bacteria,linear,238196,P14283,686,699,14,0.0,0.0,False,False,False,0.9,5,0.25,False,
DiscoTope,RESP,Bordetella pertussis,bacteria,linear,238202,P14283,406,419,14,6.0,0.429,True,True,True,0.9,5,0.25,False,
DiscoTope,RESP,Bordetella pertussis,bacteria,linear,238207,P14283,245,264,20,7.0,0.35,True,True,True,0.9,5,0.25,False,
DiscoTope,RESP,Bordetella pertussis,bacteria,linear,238208,P14283,791,799,9,1.0,0.111,False,False,False,0.9,5,0.25,False,
DiscoTope,RESP,Bordetella pertussis,bacteria,linear,238209,P14283,791,804,14,1.0,0.071,False,False,False,0.9,5,0.25,False,
DiscoTope,RESP,Bordetella pertussis,bacteria,linear,238223,P14283,411,424,14,3.0,0.214,False,False,False,0.9,5,0.25,False,
DiscoTope,RESP,Bordetella pertussis,bacteria,linear,238234,P14283,876,889,14,1.0,0.071,False,False,False,0.9,5,0.25,False,
DiscoTope,RESP,Bordetella pertussis,bacteria,linear,238238,P14283,526,534,9,0.0,0.0,False,False,False,0.9,5,0.25,False,
DiscoTope,RESP,Bordetella pertussis,bacteria,linear,238273,P14283,135,149,15,1.0,0.067,False,False,False,0.9,5,0.25,False,
DiscoTope,RESP,Bordetella pertussis,bacteria,linear,238275,P14283,136,149,14,0.0,0.0,False,False,False,0.9,5,0.25,False,
DiscoTope,RESP,Bordetella pertussis,bacteria,linear,238282,P14283,231,244,14,2.0,0.143,False,False,False,0.9,5,0.25,False,
DiscoTope,RESP,Bordetella pertussis,bacteria,linear,238283,P14283,104,119,16,5.0,0.312,True,True,True,0.9,5,0.25,False,
DiscoTope,RESP,Bordetella pertussis,bacteria,linear,238291,P14283,486,499,14,1.0,0.071,False,False,False,0.9,5,0.25,False,
DiscoTope,RESP,Bordetella pertussis,bacteria,linear,238292,P14283,481,494,14,1.0,0.071,False,False,False,0.9,5,0.25,False,
DiscoTope,RESP,Bordetella pertussis,bacteria,linear,238295,P14283,426,440,15,3.0,0.2,False,False,False,0.9,5,0.25,False,
DiscoTope,RESP,Bordetella pertussis,bacteria,linear,238296,P14283,426,444,19,4.0,0.211,False,False,False,0.9,5,0.25,False,
DiscoTope,RESP,Bordetella pertussis,bacteria,linear,238337,P14283,666,679,14,0.0,0.0,False,False,False,0.9,5,0.25,False,
DiscoTope,RESP,Bordetella pertussis,bacteria,linear,238353,P14283,166,179,14,1.0,0.071,False,False,False,0.9,5,0.25,False,
DiscoTope,RESP,Bordetella pertussis,bacteria,linear,238360,P14283,811,824,14,0.0,0.0,False,False,False,0.9,5,0.25,False,
DiscoTope,RESP,Bordetella pertussis,bacteria,linear,238387,P14283,781,794,14,1.0,0.071,False,False,False,0.9,5,0.25,False,
DiscoTope,RESP,Bordetella pertussis,bacteria,linear,238418,P14283,316,329,14,4.0,0.286,False,True,True,0.9,5,0.25,False,
DiscoTope,RESP,Bordetella pertussis,bacteria,linear,238425,P14283,786,799,14,1.0,0.071,False,False,False,0.9,5,0.25,False,
DiscoTope,RESP,Bordetella pertussis,bacteria,linear,238452,P14283,276,289,14,8.0,0.571,True,True,True,0.9,5,0.25,False,
DiscoTope,RESP,Bordetella pertussis,bacteria,linear,238470,P14283,181,194,14,7.0,0.5,True,True,True,0.9,5,0.25,False,
DiscoTope,RESP,Bordetella pertussis,bacteria,linear,238501,P14283,701,714,14,2.0,0.143,False,False,False,0.9,5,0.25,False,
DiscoTope,RESP,Bordetella pertussis,bacteria,linear,238502,P14283,846,859,14,2.0,0.143,False,False,False,0.9,5,0.25,False,
DiscoTope,RESP,Bordetella pertussis,bacteria,linear,238513,P14283,861,874,14,0.0,0.0,False,False,False,0.9,5,0.25,False,
DiscoTope,RESP,Bordetella pertussis,bacteria,linear,238520,P14283,331,344,14,4.0,0.286,False,True,True,0.9,5,0.25,False,
DiscoTope,RESP,Bordetella pertussis,bacteria,linear,238530,P14283,401,414,14,10.0,0.714,True,True,True,0.9,5,0.25,False,
DiscoTope,RESP,Bordetella pertussis,bacteria,linear,238541,P14283,496,504,9,2.0,0.222,False,False,False,0.9,5,0.25,False,
DiscoTope,RESP,Bordetella pertussis,bacteria,linear,238551,P14283,641,654,14,2.0,0.143,False,False,False,0.9,5,0.25,False,
DiscoTope,RESP,Bordetella pertussis,bacteria,linear,238555,P14283,761,779,19,1.0,0.053,False,False,False,0.9,5,0.25,False,
DiscoTope,RESP,Bordetella pertussis,bacteria,linear,238599,P14283,671,684,14,0.0,0.0,False,False,False,0.9,5,0.25,False,
DiscoTope,RESP,Bordetella pertussis,bacteria,linear,238623,P14283,51,64,14,6.0,0.429,True,True,True,0.9,5,0.25,False,
DiscoTope,RESP,Bordetella pertussis,bacteria,linear,238641,P14283,351,359,9,7.0,0.778,True,True,True,0.9,5,0.25,False,
DiscoTope,RESP,Bordetella pertussis,bacteria,linear,238676,P14283,661,674,14,0.0,0.0,False,False,False,0.9,5,0.25,False,
DiscoTope,RESP,Bordetella pertussis,bacteria,linear,238677,P14283,736,749,14,0.0,0.0,False,False,False,0.9,5,0.25,False,
DiscoTope,RESP,Bordetella pertussis,bacteria,linear,238699,P14283,682,699,18,1.0,0.056,False,False,False,0.9,5,0.25,False,
DiscoTope,RESP,Bordetella pertussis,bacteria,linear,238705,P14283,80,84,5,0.0,0.0,False,False,False,0.9,5,0.25,False,
DiscoTope,RESP,Bordetella pertussis,bacteria,linear,238716,P14283,196,209,14,3.0,0.214,False,False,False,0.9,5,0.25,False,
DiscoTope,RESP,Bordetella pertussis,bacteria,linear,238727,P14283,191,199,9,6.0,0.667,True,True,True,0.9,5,0.25,False,
DiscoTope,RESP,Bordetella pertussis,bacteria,linear,238744,P14283,101,114,14,7.0,0.5,True,True,True,0.9,5,0.25,False,
DiscoTope,RESP,Bordetella pertussis,bacteria,linear,238776,P14283,491,499,9,1.0,0.111,False,False,False,0.9,5,0.25,False,
DiscoTope,RESP,Bordetella pertussis,bacteria,linear,238784,P14283,621,634,14,0.0,0.0,False,False,False,0.9,5,0.25,False,
DiscoTope,RESP,Bordetella pertussis,bacteria,linear,238794,P14283,551,564,14,3.0,0.214,False,False,False,0.9,5,0.25,False,
DiscoTope,RESP,Bordetella pertussis,bacteria,linear,238813,P14283,466,479,14,3.0,0.214,False,False,False,0.9,5,0.25,False,
DiscoTope,RESP,Bordetella pertussis,bacteria,linear,238822,P14283,586,599,14,13.0,0.929,True,True,True,0.9,5,0.25,False,
DiscoTope,RESP,Bordetella pertussis,bacteria,linear,238871,P14283,581,594,14,14.0,1.0,True,True,True,0.9,5,0.25,False,
DiscoTope,RESP,Bordetella pertussis,bacteria,linear,238978,P14283,626,639,14,0.0,0.0,False,False,False,0.9,5,0.25,False,
DiscoTope,RESP,Bordetella pertussis,bacteria,linear,238979,P14283,631,644,14,1.0,0.071,False,False,False,0.9,5,0.25,False,
DiscoTope,RESP,Bordetella pertussis,bacteria,linear,238982,P14283,91,104,14,4.0,0.286,False,True,True,0.9,5,0.25,False,
DiscoTope,RESP,Bordetella pertussis,bacteria,linear,238994,P14283,656,669,14,0.0,0.0,False,False,False,0.9,5,0.25,False,
DiscoTope,RESP,Bordetella pertussis,bacteria,linear,239003,P14283,16,29,14,14.0,1.0,True,True,True,0.9,5,0.25,False,
DiscoTope,RESP,Bordetella pertussis,bacteria,linear,239031,P14283,471,479,9,0.0,0.0,False,False,False,0.9,5,0.25,False,
DiscoTope,RESP,Bordetella pertussis,bacteria,linear,239037,P14283,291,304,14,3.0,0.214,False,False,False,0.9,5,0.25,False,
DiscoTope,RESP,Bordetella pertussis,bacteria,linear,239039,P14283,151,164,14,0.0,0.0,False,False,False,0.9,5,0.25,False,
DiscoTope,RESP,Bordetella pertussis,bacteria,linear,239050,P14283,436,449,14,3.0,0.214,False,False,False,0.9,5,0.25,False,
DiscoTope,RESP,Bordetella pertussis,bacteria,linear,239080,P14283,831,839,9,0.0,0.0,False,False,False,0.9,5,0.25,False,
DiscoTope,RESP,Bordetella pertussis,bacteria,linear,239100,P14283,851,854,4,0.0,0.0,False,False,False,0.9,5,0.25,False,
DiscoTope,RESP,Bordetella pertussis,bacteria,linear,239104,P14283,696,709,14,2.0,0.143,False,False,False,0.9,5,0.25,False,
DiscoTope,RESP,Bordetella pertussis,bacteria,linear,239105,P14283,336,349,14,5.0,0.357,True,True,True,0.9,5,0.25,False,
DiscoTope,RESP,Bordetella pertussis,bacteria,linear,239107,P14283,236,249,14,2.0,0.143,False,False,False,0.9,5,0.25,False,
DiscoTope,RESP,Bordetella pertussis,bacteria,linear,239108,P14283,606,619,14,0.0,0.0,False,False,False,0.9,5,0.25,False,
DiscoTope,RESP,Bordetella pertussis,bacteria,linear,239112,P14283,751,764,14,1.0,0.071,False,False,False,0.9,5,0.25,False,
DiscoTope,RESP,Bordetella pertussis,bacteria,linear,239115,P14283,257,265,9,5.0,0.556,True,True,True,0.9,5,0.25,False,
DiscoTope,RESP,Bordetella pertussis,bacteria,linear,239123,P14283,156,169,14,0.0,0.0,False,False,False,0.9,5,0.25,False,
DiscoTope,RESP,Bordetella pertussis,bacteria,linear,239141,P14283,96,109,14,7.0,0.5,True,True,True,0.9,5,0.25,False,
DiscoTope,RESP,Bordetella pertussis,bacteria,linear,239147,P14283,841,854,14,1.0,0.071,False,False,False,0.9,5,0.25,False,
DiscoTope,RESP,Bordetella pertussis,bacteria,linear,239150,P14283,541,554,14,2.0,0.143,False,False,False,0.9,5,0.25,False,
DiscoTope,RESP,Bordetella pertussis,bacteria,linear,239162,P14283,281,289,9,3.0,0.333,False,True,True,0.9,5,0.25,False,
DiscoTope,RESP,Bordetella pertussis,bacteria,linear,239171,P14283,796,809,14,1.0,0.071,False,False,False,0.9,5,0.25,False,
DiscoTope,RESP,Bordetella pertussis,bacteria,linear,239173,P14283,321,334,14,2.0,0.143,False,False,False,0.9,5,0.25,False,
DiscoTope,RESP,Bordetella pertussis,bacteria,linear,239180,P14283,171,184,14,1.0,0.071,False,False,False,0.9,5,0.25,False,
DiscoTope,RESP,Bordetella pertussis,bacteria,linear,239183,P14283,201,214,14,2.0,0.143,False,False,False,0.9,5,0.25,False,
DiscoTope,RESP,Bordetella pertussis,bacteria,linear,239191,P14283,36,49,14,7.0,0.5,True,True,True,0.9,5,0.25,False,
DiscoTope,RESP,Bordetella pertussis,bacteria,linear,239196,P14283,501,514,14,4.0,0.286,False,True,True,0.9,5,0.25,False,
DiscoTope,RESP,Bordetella pertussis,bacteria,linear,239198,P14283,616,629,14,0.0,0.0,False,False,False,0.9,5,0.25,False,
DiscoTope,RESP,Bordetella pertussis,bacteria,linear,239210,P14283,286,294,9,6.0,0.667,True,True,True,0.9,5,0.25,False,
DiscoTope,RESP,Bordetella pertussis,bacteria,linear,239211,P14283,286,299,14,6.0,0.429,True,True,True,0.9,5,0.25,False,
DiscoTope,RESP,Bordetella pertussis,bacteria,linear,239214,P14283,721,734,14,0.0,0.0,False,False,False,0.9,5,0.25,False,
DiscoTope,RESP,Mycobacterium tuberculosis,bacteria,linear,418157,P9WQ27,157,173,17,1.0,0.059,False,False,False,0.9,5,0.25,False,
DiscoTope,RESP,Mycobacterium tuberculosis,bacteria,linear,429190,P9WNK7,41,62,22,12.0,0.545,True,True,True,0.9,5,0.25,False,
DiscoTope,RESP,Mycobacterium tuberculosis,bacteria,linear,431692,P9WP43,78,99,22,8.0,0.364,True,True,True,0.9,5,0.25,False,
DiscoTope,RESP,Mycobacterium tuberculosis,bacteria,linear,431708,P9WIN9,25,42,18,6.0,0.333,True,True,True,0.9,5,0.25,False,
DiscoTope,RESP,Mycobacterium tuberculosis,bacteria,linear,432087,P9WNK5,57,79,23,0.0,0.0,False,False,False,0.9,5,0.25,False,
DiscoTope,RESP,Mycobacterium tuberculosis,bacteria,linear,432168,P9WIN9,79,94,16,4.0,0.25,False,True,True,0.9,5,0.25,False,
DiscoTope,RESP,Mycobacterium tuberculosis,bacteria,linear,432955,P9WNK5,81,94,14,0.0,0.0,False,False,False,0.9,5,0.25,False,
DiscoTope,RESP,Mycobacterium tuberculosis,bacteria,linear,433149,P9WNK7,22,39,18,6.0,0.333,True,True,True,0.9,5,0.25,False,
DiscoTope,RESP,Mycobacterium tuberculosis,bacteria,linear,434619,P9WLS9,57,84,28,6.0,0.214,True,False,True,0.9,5,0.25,False,
DiscoTope,RESP,Haemophilus influenzae,bacteria,linear,435899,P44600,429,442,14,4.0,0.286,False,True,True,0.9,5,0.25,False,
DiscoTope,RESP,Haemophilus influenzae,bacteria,linear,435903,P26093,91,110,20,7.0,0.35,True,True,True,0.9,5,0.25,False,
DiscoTope,RESP,Haemophilus influenzae,bacteria,linear,435920,P26093,200,219,20,7.0,0.35,True,True,True,0.9,5,0.25,False,
DiscoTope,RESP,Haemophilus influenzae,bacteria,linear,435954,P44600,329,342,14,0.0,0.0,False,False,False,0.9,5,0.25,False,
DiscoTope,RESP,Haemophilus influenzae,bacteria,linear,435986,P44089,454,473,20,3.0,0.15,False,False,False,0.9,5,0.25,False,
DiscoTope,RESP,Haemophilus influenzae,bacteria,linear,435990,P31772,89,108,20,5.0,0.25,True,True,True,0.9,5,0.25,False,
DiscoTope,RESP,Mycobacterium tuberculosis,bacteria,linear,451463,P9WL51,30,44,15,0.0,0.0,False,False,False,0.9,5,0.25,False,
DiscoTope,RESP,Mycobacterium tuberculosis,bacteria,linear,451470,P9WL51,136,143,8,0.0,0.0,False,False,False,0.9,5,0.25,False,
DiscoTope,RESP,Mycobacterium tuberculosis,bacteria,linear,451471,P9WL51,126,136,11,0.0,0.0,False,False,False,0.9,5,0.25,False,
DiscoTope,RESP,Mycobacterium tuberculosis,bacteria,linear,451499,P9WL51,53,59,7,3.0,0.429,False,True,True,0.9,5,0.25,False,
DiscoTope,RESP,Mycobacterium tuberculosis,bacteria,linear,451503,P9WL51,44,53,10,5.0,0.5,True,True,True,0.9,5,0.25,False,
DiscoTope,RESP,Mycobacterium tuberculosis,bacteria,linear,453091,P9WQF3,53,65,13,4.0,0.308,False,True,True,0.9,5,0.25,False,
DiscoTope,RESP,Mycobacterium tuberculosis,bacteria,linear,454085,P9WQF3,21,39,19,12.0,0.632,True,True,True,0.9,5,0.25,False,
DiscoTope,RESP,Mycobacterium tuberculosis,bacteria,linear,454625,P9WQF3,95,107,13,0.0,0.0,False,False,False,0.9,5,0.25,False,
DiscoTope,RESP,Mycobacterium tuberculosis,bacteria,linear,456000,P9WQF3,37,49,13,3.0,0.231,False,False,False,0.9,5,0.25,False,
DiscoTope,RESP,Mycobacterium tuberculosis,bacteria,linear,457356,P9WQF3,85,97,13,1.0,0.077,False,False,False,0.9,5,0.25,False,
DiscoTope,RESP,Mycobacterium tuberculosis,bacteria,linear,457503,P9WQF3,89,101,13,1.0,0.077,False,False,False,0.9,5,0.25,False,
DiscoTope,RESP,Mycobacterium tuberculosis,bacteria,linear,457552,P9WQF3,5,19,15,2.0,0.133,False,False,False,0.9,5,0.25,False,
DiscoTope,RESP,Mycobacterium tuberculosis,bacteria,linear,460300,P9WQF3,57,69,13,5.0,0.385,True,True,True,0.9,5,0.25,False,
DiscoTope,RESP,Mycobacterium tuberculosis,bacteria,linear,460637,P9WQF3,3,15,13,0.0,0.0,False,False,False,0.9,5,0.25,False,
DiscoTope,RESP,Mycobacterium tuberculosis,bacteria,linear,460751,P9WQF3,55,67,13,3.0,0.231,False,False,False,0.9,5,0.25,False,
DiscoTope,RESP,Streptococcus pneumoniae,bacteria,linear,461363,A0A0H2UMZ8,365,393,29,7.0,0.241,True,False,True,0.9,5,0.25,False,
DiscoTope,RESP,Streptococcus pneumoniae,bacteria,linear,461383,A0A0H2UMZ8,484,493,10,2.0,0.2,False,False,False,0.9,5,0.25,False,
DiscoTope,RESP,Streptococcus pneumoniae,bacteria,linear,461386,A0A0H2UMZ8,464,474,11,5.0,0.455,True,True,True,0.9,5,0.25,False,
DiscoTope,RESP,Streptococcus pneumoniae,bacteria,linear,461387,A0A0H2UMZ8,473,493,21,7.0,0.333,True,True,True,0.9,5,0.25,False,
DiscoTope,RESP,Streptococcus pneumoniae,bacteria,linear,461407,A0A0H2UMZ8,420,448,29,12.0,0.414,True,True,True,0.9,5,0.25,False,
DiscoTope,RESP,Streptococcus pneumoniae,bacteria,linear,489486,A0A0H2UPR0,172,191,20,7.0,0.35,True,True,True,0.9,5,0.25,False,
DiscoTope,RESP,Streptococcus pneumoniae,bacteria,linear,489548,A0A0H2UPR0,200,219,20,5.0,0.25,True,True,True,0.9,5,0.25,False,
DiscoTope,RESP,Streptococcus pneumoniae,bacteria,linear,489571,A0A0H2UN40,332,351,20,2.0,0.1,False,False,False,0.9,5,0.25,False,
DiscoTope,RESP,Streptococcus pneumoniae,bacteria,linear,489580,A0A0H2UPR0,9,28,20,10.0,0.5,True,True,True,0.9,5,0.25,False,
DiscoTope,RESP,Streptococcus pneumoniae,bacteria,linear,489651,A0A0H2UN40,222,241,20,3.0,0.15,False,False,False,0.9,5,0.25,False,
DiscoTope,RESP,Streptococcus pneumoniae,bacteria,linear,489761,A0A0H2UPR3,300,319,20,5.0,0.25,True,True,True,0.9,5,0.25,False,
DiscoTope,RESP,Streptococcus pneumoniae,bacteria,linear,489800,A0A0H2UN40,180,199,20,2.0,0.1,False,False,False,0.9,5,0.25,False,
DiscoTope,RESP,Streptococcus pneumoniae,bacteria,linear,489842,Q9L7Q2,428,447,20,2.0,0.1,False,False,False,0.9,5,0.25,False,
DiscoTope,RESP,Streptococcus pneumoniae,bacteria,linear,489865,A0A0H2UQ39,79,98,20,2.0,0.1,False,False,False,0.9,5,0.25,False,
DiscoTope,RESP,Streptococcus pneumoniae,bacteria,linear,489867,A0A0H2US36,215,234,20,4.0,0.2,False,False,False,0.9,5,0.25,False,
DiscoTope,RESP,Streptococcus pneumoniae,bacteria,linear,496740,P0A335,257,286,30,10.0,0.333,True,True,True,0.9,5,0.25,False,
DiscoTope,RESP,Mycobacterium tuberculosis,bacteria,linear,496755,P9WPE7,257,286,30,9.0,0.3,True,True,True,0.9,5,0.25,False,
DiscoTope,RESP,Mycobacterium tuberculosis,bacteria,linear,503890,P9WHZ5,398,412,15,10.0,0.667,True,True,True,0.9,5,0.25,False,
DiscoTope,RESP,Haemophilus influenzae,bacteria,linear,503989,Q06282,167,193,27,6.0,0.222,True,False,True,0.9,5,0.25,False,
DiscoTope,RESP,Haemophilus influenzae,bacteria,linear,504000,Q06282,255,280,26,11.0,0.423,True,True,True,0.9,5,0.25,False,
DiscoTope,RESP,Haemophilus influenzae,bacteria,linear,504006,P10324,122,147,26,10.0,0.385,True,True,True,0.9,5,0.25,False,
DiscoTope,RESP,Haemophilus influenzae,bacteria,linear,504007,Q06282,2,22,21,10.0,0.476,True,True,True,0.9,5,0.25,False,
DiscoTope,RESP,Haemophilus influenzae,bacteria,linear,504010,Q06282,205,229,25,6.0,0.24,True,False,True,0.9,5,0.25,False,
DiscoTope,RESP,Haemophilus influenzae,bacteria,linear,504019,P10324,2,25,24,0.0,0.0,False,False,False,0.9,5,0.25,False,
DiscoTope,RESP,Haemophilus influenzae,bacteria,linear,504022,P10324,95,122,28,6.0,0.214,True,False,True,0.9,5,0.25,False,
DiscoTope,RESP,Haemophilus influenzae,bacteria,linear,504056,Q06282,105,136,32,12.0,0.375,True,True,True,0.9,5,0.25,False,
DiscoTope,RESP,Haemophilus influenzae,bacteria,linear,504058,Q06282,294,323,30,9.0,0.3,True,True,True,0.9,5,0.25,False,
DiscoTope,RESP,Haemophilus influenzae,bacteria,linear,504061,Q06282,224,247,24,12.0,0.5,True,True,True,0.9,5,0.25,False,
DiscoTope,RESP,Haemophilus influenzae,bacteria,linear,504062,P10324,61,86,26,2.0,0.077,False,False,False,0.9,5,0.25,False,
DiscoTope,RESP,Haemophilus influenzae,bacteria,linear,504066,Q06282,332,351,20,0.0,0.0,False,False,False,0.9,5,0.25,False,
DiscoTope,RESP,Mycobacterium tuberculosis,bacteria,linear,547962,P9WIM9,127,137,11,2.0,0.182,False,False,False,0.9,5,0.25,False,
DiscoTope,RESP,Mycobacterium tuberculosis,bacteria,linear,548667,P9WIM9,138,156,19,2.0,0.105,False,False,False,0.9,5,0.25,False,
DiscoTope,RESP,Mycobacterium tuberculosis,bacteria,linear,690384,P9WI05,254,268,15,7.0,0.467,True,True,True,0.9,5,0.25,False,
DiscoTope,RESP,Mycobacterium tuberculosis,bacteria,linear,690417,Q79FE6,190,204,15,2.0,0.133,False,False,False,0.9,5,0.25,False,
DiscoTope,RESP,Mycobacterium tuberculosis,bacteria,linear,690848,P9WJD3,205,219,15,14.0,0.933,True,True,True,0.9,5,0.25,False,
DiscoTope,RESP,Mycobacterium tuberculosis,bacteria,linear,691529,P9WI47,229,243,15,3.0,0.2,False,False,False,0.9,5,0.25,False,
DiscoTope,RESP,Mycobacterium tuberculosis,bacteria,linear,691684,P9WG67,25,39,15,4.0,0.267,False,True,True,0.9,5,0.25,False,
DiscoTope,RESP,Mycobacterium tuberculosis,bacteria,linear,692695,P9WQB1,217,231,15,5.0,0.333,True,True,True,0.9,5,0.25,False,
DiscoTope,RESP,Mycobacterium tuberculosis,bacteria,linear,693146,P9WGY9,870,884,15,0.0,0.0,False,False,False,0.9,5,0.25,False,
DiscoTope,RESP,Mycobacterium tuberculosis,bacteria,linear,693697,P9WG55,181,195,15,3.0,0.2,False,False,False,0.9,5,0.25,False,
DiscoTope,RESP,Mycobacterium tuberculosis,bacteria,linear,693698,P95229,25,39,15,6.0,0.4,True,True,True,0.9,5,0.25,False,
DiscoTope,RESP,Mycobacterium tuberculosis,bacteria,linear,693714,P9WIR7,133,147,15,4.0,0.267,False,True,True,0.9,5,0.25,False,
DiscoTope,RESP,Mycobacterium tuberculosis,bacteria,linear,693725,P9WI33,325,339,15,3.0,0.2,False,False,False,0.9,5,0.25,False,
DiscoTope,RESP,Mycobacterium tuberculosis,bacteria,linear,693742,O06195,181,195,15,0.0,0.0,False,False,False,0.9,5,0.25,False,
DiscoTope,RESP,Mycobacterium tuberculosis,bacteria,linear,693779,P9WHY9,90,104,15,0.0,0.0,False,False,False,0.9,5,0.25,False,
DiscoTope,RESP,Mycobacterium tuberculosis,bacteria,linear,693795,P9WIR7,253,267,15,3.0,0.2,False,False,False,0.9,5,0.25,False,
DiscoTope,RESP,Mycobacterium tuberculosis,bacteria,linear,693877,P9WIR7,97,111,15,4.0,0.267,False,True,True,0.9,5,0.25,False,
DiscoTope,RESP,Mycobacterium tuberculosis,bacteria,linear,693896,P9WI19,145,159,15,0.0,0.0,False,False,False,0.9,5,0.25,False,
DiscoTope,RESP,Mycobacterium tuberculosis,bacteria,linear,693905,L0T7Y7,185,199,15,0.0,0.0,False,False,False,0.9,5,0.25,False,
DiscoTope,RESP,Mycobacterium tuberculosis,bacteria,linear,693921,P9WK17,28,42,15,2.0,0.133,False,False,False,0.9,5,0.25,False,
DiscoTope,RESP,Mycobacterium tuberculosis,bacteria,linear,693923,L0T7Y7,161,175,15,5.0,0.333,True,True,True,0.9,5,0.25,False,
DiscoTope,RESP,Mycobacterium tuberculosis,bacteria,linear,693985,P9WF69,25,39,15,2.0,0.133,False,False,False,0.9,5,0.25,False,
DiscoTope,RESP,Mycobacterium tuberculosis,bacteria,linear,694015,Q79FE6,181,195,15,3.0,0.2,False,False,False,0.9,5,0.25,False,
DiscoTope,RESP,Mycobacterium tuberculosis,bacteria,linear,694226,P9WI45,229,243,15,4.0,0.267,False,True,True,0.9,5,0.25,False,
DiscoTope,RESP,Mycobacterium tuberculosis,bacteria,linear,694279,P9WNU5,181,195,15,3.0,0.2,False,False,False,0.9,5,0.25,False,
DiscoTope,RESP,Mycobacterium tuberculosis,bacteria,linear,694405,Q79FA9,97,111,15,1.0,0.067,False,False,False,0.9,5,0.25,False,
DiscoTope,RESP,Mycobacterium tuberculosis,bacteria,linear,694418,P9WJE1,73,87,15,1.0,0.067,False,False,False,0.9,5,0.25,False,
DiscoTope,RESP,Mycobacterium tuberculosis,bacteria,linear,694421,P9WI23,265,279,15,9.0,0.6,True,True,True,0.9,5,0.25,False,
DiscoTope,RESP,Mycobacterium tuberculosis,bacteria,linear,694439,P9WHY9,205,219,15,1.0,0.067,False,False,False,0.9,5,0.25,False,
DiscoTope,RESP,Mycobacterium tuberculosis,bacteria,linear,694563,I6Y7L4,1429,1443,15,,,,,,0.9,5,0.25,True,missing_prediction_for_protein
DiscoTope,RESP,Mycobacterium tuberculosis,bacteria,linear,694578,Q6MX49,1115,1129,15,5.0,0.333,True,True,True,0.9,5,0.25,False,
DiscoTope,RESP,Mycobacterium tuberculosis,bacteria,linear,694618,O06404,534,548,15,0.0,0.0,False,False,False,0.9,5,0.25,False,
DiscoTope,RESP,Mycobacterium tuberculosis,bacteria,linear,694729,P9WJD9,121,135,15,3.0,0.2,False,False,False,0.9,5,0.25,False,
DiscoTope,RESP,Mycobacterium tuberculosis,bacteria,linear,694756,P96394,121,135,15,4.0,0.267,False,True,True,0.9,5,0.25,False,
DiscoTope,RESP,Mycobacterium tuberculosis,bacteria,linear,694759,O53780,157,171,15,0.0,0.0,False,False,False,0.9,5,0.25,False,
DiscoTope,RESP,Mycobacterium tuberculosis,bacteria,linear,694812,P9WI41,332,346,15,8.0,0.533,True,True,True,0.9,5,0.25,False,
DiscoTope,RESP,Mycobacterium tuberculosis,bacteria,linear,694832,Q79FE6,73,87,15,0.0,0.0,False,False,False,0.9,5,0.25,False,
DiscoTope,RESP,Mycobacterium tuberculosis,bacteria,linear,694917,P9WGU1,301,315,15,3.0,0.2,False,False,False,0.9,5,0.25,False,
DiscoTope,RESP,Mycobacterium tuberculosis,bacteria,linear,694930,I6Y7L4,1777,1791,15,,,,,,0.9,5,0.25,True,missing_prediction_for_protein
DiscoTope,RESP,Mycobacterium tuberculosis,bacteria,linear,694968,Q79FA9,49,63,15,5.0,0.333,True,True,True,0.9,5,0.25,False,
DiscoTope,RESP,Mycobacterium tuberculosis,bacteria,linear,695048,P9WI07,31,45,15,0.0,0.0,False,False,False,0.9,5,0.25,False,
DiscoTope,RESP,Mycobacterium tuberculosis,bacteria,linear,695054,P9WK79,75,89,15,3.0,0.2,False,False,False,0.9,5,0.25,False,
DiscoTope,RESP,Mycobacterium tuberculosis,bacteria,linear,695151,P9WHV9,75,89,15,1.0,0.067,False,False,False,0.9,5,0.25,False,
DiscoTope,RESP,Mycobacterium tuberculosis,bacteria,linear,695174,P9WPU3,145,159,15,1.0,0.067,False,False,False,0.9,5,0.25,False,
DiscoTope,RESP,Mycobacterium tuberculosis,bacteria,linear,695185,P9WJE1,109,123,15,2.0,0.133,False,False,False,0.9,5,0.25,False,
DiscoTope,RESP,Mycobacterium tuberculosis,bacteria,linear,695189,O07229,181,195,15,6.0,0.4,True,True,True,0.9,5,0.25,False,
DiscoTope,RESP,Mycobacterium tuberculosis,bacteria,linear,695358,P95229,289,303,15,2.0,0.133,False,False,False,0.9,5,0.25,False,
DiscoTope,RESP,Mycobacterium tuberculosis,bacteria,linear,695386,L0T7Y7,53,67,15,3.0,0.2,False,False,False,0.9,5,0.25,False,
DiscoTope,RESP,Mycobacterium tuberculosis,bacteria,linear,695394,P9WK17,85,99,15,9.0,0.6,True,True,True,0.9,5,0.25,False,
DiscoTope,RESP,Mycobacterium tuberculosis,bacteria,linear,695446,P9WI03,24,38,15,0.0,0.0,False,False,False,0.9,5,0.25,False,
DiscoTope,RESP,Mycobacterium tuberculosis,bacteria,linear,695504,I6YG83,1,15,15,0.0,0.0,False,False,False,0.9,5,0.25,False,
DiscoTope,RESP,Mycobacterium tuberculosis,bacteria,linear,695518,O50398,1,15,15,0.0,0.0,False,False,False,0.9,5,0.25,False,
DiscoTope,RESP,Mycobacterium tuberculosis,bacteria,linear,695528,Q79FI9,828,842,15,3.0,0.2,False,False,False,0.9,5,0.25,False,
DiscoTope,RESP,Mycobacterium tuberculosis,bacteria,linear,695563,P9WHZ7,363,377,15,2.0,0.133,False,False,False,0.9,5,0.25,False,
DiscoTope,RESP,Mycobacterium tuberculosis,bacteria,linear,695586,Q6MWX9,565,579,15,,,,,,0.9,5,0.25,True,missing_prediction_for_protein
DiscoTope,RESP,Mycobacterium tuberculosis,bacteria,linear,695595,I6Y7L4,373,387,15,,,,,,0.9,5,0.25,True,missing_prediction_for_protein
DiscoTope,RESP,Mycobacterium tuberculosis,bacteria,linear,695608,Q6MX49,361,375,15,7.0,0.467,True,True,True,0.9,5,0.25,False,
DiscoTope,RESP,Mycobacterium tuberculosis,bacteria,linear,695694,Q6MX49,2519,2533,15,,,,,,0.9,5,0.25,True,end_pos_exceeds_pred_len(2533>2204)
DiscoTope,RESP,Mycobacterium tuberculosis,bacteria,linear,696148,P9WHV9,159,173,15,8.0,0.533,True,True,True,0.9,5,0.25,False,
DiscoTope,RESP,Mycobacterium tuberculosis,bacteria,linear,696155,P9WKH9,19,33,15,2.0,0.133,False,False,False,0.9,5,0.25,False,
DiscoTope,RESP,Mycobacterium tuberculosis,bacteria,linear,696164,P95202,135,149,15,9.0,0.6,True,True,True,0.9,5,0.25,False,
DiscoTope,RESP,Mycobacterium tuberculosis,bacteria,linear,696176,L7N675,244,258,15,0.0,0.0,False,False,False,0.9,5,0.25,False,
DiscoTope,RESP,Mycobacterium tuberculosis,bacteria,linear,696210,P95229,217,231,15,5.0,0.333,True,True,True,0.9,5,0.25,False,
DiscoTope,RESP,Mycobacterium tuberculosis,bacteria,linear,696274,P96394,25,39,15,3.0,0.2,False,False,False,0.9,5,0.25,False,
DiscoTope,RESP,Mycobacterium tuberculosis,bacteria,linear,696328,P9WI41,380,394,15,0.0,0.0,False,False,False,0.9,5,0.25,False,
DiscoTope,RESP,Mycobacterium tuberculosis,bacteria,linear,696332,P9WI41,456,470,15,9.0,0.6,True,True,True,0.9,5,0.25,False,
DiscoTope,RESP,Mycobacterium tuberculosis,bacteria,linear,696352,P9WNU5,169,183,15,4.0,0.267,False,True,True,0.9,5,0.25,False,
DiscoTope,RESP,Mycobacterium tuberculosis,bacteria,linear,696365,I6Y7L4,1381,1395,15,,,,,,0.9,5,0.25,True,missing_prediction_for_protein
DiscoTope,RESP,Mycobacterium tuberculosis,bacteria,linear,696383,P9WI21,438,452,15,4.0,0.267,False,True,True,0.9,5,0.25,False,
DiscoTope,RESP,Mycobacterium tuberculosis,bacteria,linear,696429,P96394,85,99,15,1.0,0.067,False,False,False,0.9,5,0.25,False,
DiscoTope,RESP,Mycobacterium tuberculosis,bacteria,linear,696460,P9WNF5,6,20,15,3.0,0.2,False,False,False,0.9,5,0.25,False,
DiscoTope,RESP,Mycobacterium tuberculosis,bacteria,linear,696508,I6Y7L4,469,483,15,,,,,,0.9,5,0.25,True,missing_prediction_for_protein
DiscoTope,RESP,Mycobacterium tuberculosis,bacteria,linear,696515,L0T7Y7,217,231,15,0.0,0.0,False,False,False,0.9,5,0.25,False,
DiscoTope,RESP,Mycobacterium tuberculosis,bacteria,linear,696528,O50391,13,27,15,0.0,0.0,False,False,False,0.9,5,0.25,False,
DiscoTope,RESP,Mycobacterium tuberculosis,bacteria,linear,696572,I6Y7L4,721,735,15,,,,,,0.9,5,0.25,True,missing_prediction_for_protein
DiscoTope,RESP,Mycobacterium tuberculosis,bacteria,linear,696584,Q79FH3,232,246,15,5.0,0.333,True,True,True,0.9,5,0.25,False,
DiscoTope,RESP,Mycobacterium tuberculosis,bacteria,linear,696597,P96394,301,315,15,2.0,0.133,False,False,False,0.9,5,0.25,False,
DiscoTope,RESP,Mycobacterium tuberculosis,bacteria,linear,696604,P95202,171,185,15,9.0,0.6,True,True,True,0.9,5,0.25,False,
DiscoTope,RESP,Mycobacterium tuberculosis,bacteria,linear,696649,P9WI43,337,351,15,0.0,0.0,False,False,False,0.9,5,0.25,False,
DiscoTope,RESP,Mycobacterium tuberculosis,bacteria,linear,696705,Q6MX49,457,471,15,9.0,0.6,True,True,True,0.9,5,0.25,False,
DiscoTope,RESP,Mycobacterium tuberculosis,bacteria,linear,696742,P9WIE5,625,639,15,1.0,0.067,False,False,False,0.9,5,0.25,False,
DiscoTope,RESP,Mycobacterium tuberculosis,bacteria,linear,696781,P9WNE5,73,87,15,4.0,0.267,False,True,True,0.9,5,0.25,False,
DiscoTope,RESP,Mycobacterium tuberculosis,bacteria,linear,696790,Q6MWY2,680,694,15,2.0,0.133,False,False,False,0.9,5,0.25,False,
DiscoTope,RESP,Mycobacterium tuberculosis,bacteria,linear,696860,P9WHY3,313,327,15,2.0,0.133,False,False,False,0.9,5,0.25,False,
DiscoTope,RESP,Mycobacterium tuberculosis,bacteria,linear,696872,P96394,265,279,15,13.0,0.867,True,True,True,0.9,5,0.25,False,
DiscoTope,RESP,Mycobacterium tuberculosis,bacteria,linear,696882,Q6MX43,25,39,15,4.0,0.267,False,True,True,0.9,5,0.25,False,
DiscoTope,RESP,Mycobacterium tuberculosis,bacteria,linear,696941,P9WI33,409,423,15,7.0,0.467,True,True,True,0.9,5,0.25,False,
DiscoTope,RESP,Mycobacterium tuberculosis,bacteria,linear,696942,P9WJD9,217,231,15,5.0,0.333,True,True,True,0.9,5,0.25,False,
DiscoTope,RESP,Mycobacterium tuberculosis,bacteria,linear,746002,I6Y293,76,84,9,0.0,0.0,False,False,False,0.9,5,0.25,False,
DiscoTope,RESP,Mycobacterium tuberculosis,bacteria,linear,746003,I6Y293,76,90,15,0.0,0.0,False,False,False,0.9,5,0.25,False,
DiscoTope,RESP,Mycobacterium tuberculosis,bacteria,linear,746048,I6Y293,376,384,9,,,,,,0.9,5,0.25,True,end_pos_exceeds_pred_len(384>373)
DiscoTope,RESP,Mycobacterium tuberculosis,bacteria,linear,746049,I6Y293,376,390,15,,,,,,0.9,5,0.25,True,end_pos_exceeds_pred_len(390>373)
DiscoTope,RESP,Mycobacterium tuberculosis,bacteria,linear,746495,I6Y293,364,378,15,,,,,,0.9,5,0.25,True,end_pos_exceeds_pred_len(378>373)
DiscoTope,RESP,Mycobacterium tuberculosis,bacteria,linear,746954,I6Y293,410,424,15,,,,,,0.9,5,0.25,True,end_pos_exceeds_pred_len(424>373)
DiscoTope,RESP,Mycobacterium tuberculosis,bacteria,linear,747131,I6Y293,148,162,15,3.0,0.2,False,False,False,0.9,5,0.25,False,
DiscoTope,RESP,Mycobacterium tuberculosis,bacteria,linear,747305,I6Y293,373,387,15,,,,,,0.9,5,0.25,True,end_pos_exceeds_pred_len(387>373)
DiscoTope,RESP,Mycobacterium tuberculosis,bacteria,linear,748225,I6Y293,370,384,15,,,,,,0.9,5,0.25,True,end_pos_exceeds_pred_len(384>373)
DiscoTope,RESP,Mycobacterium tuberculosis,bacteria,linear,748529,I6Y293,409,423,15,,,,,,0.9,5,0.25,True,end_pos_exceeds_pred_len(423>373)
DiscoTope,RESP,Mycobacterium tuberculosis,bacteria,linear,750214,I6Y293,274,288,15,2.0,0.133,False,False,False,0.9,5,0.25,False,
DiscoTope,RESP,Mycobacterium tuberculosis,bacteria,linear,750219,I6Y293,166,180,15,4.0,0.267,False,True,True,0.9,5,0.25,False,
DiscoTope,RESP,Mycobacterium tuberculosis,bacteria,linear,750740,I6Y293,82,96,15,1.0,0.067,False,False,False,0.9,5,0.25,False,
DiscoTope,RESP,Mycobacterium tuberculosis,bacteria,linear,751051,I6Y293,73,87,15,0.0,0.0,False,False,False,0.9,5,0.25,False,
DiscoTope,RESP,Mycobacterium tuberculosis,bacteria,linear,751510,I6Y293,97,111,15,3.0,0.2,False,False,False,0.9,5,0.25,False,
DiscoTope,RESP,Mycobacterium tuberculosis,bacteria,linear,751960,I6Y293,349,363,15,4.0,0.267,False,True,True,0.9,5,0.25,False,
DiscoTope,RESP,Mycobacterium tuberculosis,bacteria,linear,752785,I6Y293,352,366,15,1.0,0.067,False,False,False,0.9,5,0.25,False,
DiscoTope,RESP,Mycobacterium tuberculosis,bacteria,linear,752949,I6Y293,193,207,15,9.0,0.6,True,True,True,0.9,5,0.25,False,
DiscoTope,RESP,Mycobacterium tuberculosis,bacteria,linear,753510,I6X7X3,39,58,20,2.0,0.1,False,False,False,0.9,5,0.25,False,
DiscoTope,RESP,Streptococcus pneumoniae,bacteria,linear,769864,A0A0H2UNY9,1,27,27,5.0,0.185,True,False,True,0.9,5,0.25,False,
DiscoTope,RESP,Streptococcus pneumoniae,bacteria,linear,769865,A0A0H2UNY9,1,27,27,5.0,0.185,True,False,True,0.9,5,0.25,False,
DiscoTope,RESP,Haemophilus influenzae,bacteria,linear,859843,P43926,241,265,25,3.0,0.12,False,False,False,0.9,5,0.25,False,
DiscoTope,RESP,Haemophilus influenzae,bacteria,linear,859980,P43926,41,65,25,6.0,0.24,True,False,True,0.9,5,0.25,False,
DiscoTope,RESP,Haemophilus influenzae,bacteria,linear,860060,P43926,281,305,25,4.0,0.16,False,False,False,0.9,5,0.25,False,
DiscoTope,RESP,Haemophilus influenzae,bacteria,linear,860271,P43926,221,245,25,4.0,0.16,False,False,False,0.9,5,0.25,False,
DiscoTope,RESP,Haemophilus influenzae,bacteria,linear,860990,P43926,261,285,25,6.0,0.24,True,False,True,0.9,5,0.25,False,
DiscoTope,RESP,Haemophilus influenzae,bacteria,linear,862048,P43926,161,185,25,1.0,0.04,False,False,False,0.9,5,0.25,False,
DiscoTope,RESP,Mycobacterium tuberculosis,bacteria,linear,956349,P9WGY7,382,394,13,6.0,0.462,True,True,True,0.9,5,0.25,False,
DiscoTope,RESP,Mycobacterium tuberculosis,bacteria,linear,985815,A1KFU9,152,169,18,6.0,0.333,True,True,True,0.9,5,0.25,False,
DiscoTope,RESP,Mycobacterium tuberculosis,bacteria,linear,1082347,P9WMK1,4,12,9,0.0,0.0,False,False,False,0.9,5,0.25,False,
DiscoTope,RESP,Streptococcus pneumoniae,bacteria,linear,1087486,P0C2J9,403,423,21,4.0,0.19,False,False,False,0.9,5,0.25,False,
DiscoTope,RESP,Streptococcus pneumoniae,bacteria,linear,1087490,P0C2J9,212,220,9,4.0,0.444,False,True,True,0.9,5,0.25,False,
DiscoTope,RESP,Streptococcus pneumoniae,bacteria,linear,1087724,P0C2J9,454,471,18,5.0,0.278,True,True,True,0.9,5,0.25,False,
DiscoTope,RESP,Streptococcus pneumoniae,bacteria,linear,1087796,P0C2J9,384,389,6,3.0,0.5,False,True,True,0.9,5,0.25,False,
DiscoTope,RESP,Haemophilus influenzae,bacteria,linear,1089908,P44602,1543,1550,19,,,,,,0.9,5,0.25,True,end_pos_exceeds_pred_len(1550>905)
DiscoTope,RESP,Haemophilus influenzae,bacteria,linear,1089909,P44602,1543,1550,23,,,,,,0.9,5,0.25,True,end_pos_exceeds_pred_len(1550>905)
DiscoTope,RESP,Haemophilus influenzae,bacteria,linear,1089910,P44602,1543,1550,19,,,,,,0.9,5,0.25,True,end_pos_exceeds_pred_len(1550>905)
DiscoTope,RESP,Bordetella pertussis,bacteria,linear,1309427,Q79GX8,148,159,12,4.0,0.333,False,True,True,0.9,5,0.25,False,
DiscoTope,RESP,Bordetella pertussis,bacteria,linear,1309445,Q79GX8,307,315,9,9.0,1.0,True,True,True,0.9,5,0.25,False,
DiscoTope,RESP,Bordetella pertussis,bacteria,linear,1309520,Q79GX8,289,294,6,6.0,1.0,True,True,True,0.9,5,0.25,False,
DiscoTope,RESP,Bordetella pertussis,bacteria,linear,1309521,Q79GX8,289,324,36,32.0,0.889,True,True,True,0.9,5,0.25,False,
DiscoTope,RESP,Bordetella pertussis,bacteria,linear,1309530,Q79GX8,286,321,36,32.0,0.889,True,True,True,0.9,5,0.25,False,
DiscoTope,RESP,Bordetella pertussis,bacteria,linear,1309543,Q79GX8,151,156,6,2.0,0.333,False,True,True,0.9,5,0.25,False,
DiscoTope,RESP,Bordetella pertussis,bacteria,linear,1309544,Q79GX8,151,159,9,3.0,0.333,False,True,True,0.9,5,0.25,False,
DiscoTope,RESP,Bordetella pertussis,bacteria,linear,1309545,Q79GX8,322,330,9,8.0,0.889,True,True,True,0.9,5,0.25,False,
DiscoTope,RESP,Bordetella pertussis,bacteria,linear,1309548,Q79GX8,139,150,12,8.0,0.667,True,True,True,0.9,5,0.25,False,
DiscoTope,RESP,Bordetella pertussis,bacteria,linear,1309551,Q79GX8,313,321,9,8.0,0.889,True,True,True,0.9,5,0.25,False,
DiscoTope,RESP,Bordetella pertussis,bacteria,linear,1309552,Q79GX8,310,315,6,6.0,1.0,True,True,True,0.9,5,0.25,False,
DiscoTope,RESP,Bordetella pertussis,bacteria,linear,1309568,Q79GX8,292,300,9,7.0,0.778,True,True,True,0.9,5,0.25,False,
DiscoTope,RESP,Bordetella pertussis,bacteria,linear,1309609,Q79GX8,337,345,9,7.0,0.778,True,True,True,0.9,5,0.25,False,
DiscoTope,RESP,Haemophilus influenzae,bacteria,linear,1309719,P43724,45,64,20,4.0,0.2,False,False,False,0.9,5,0.25,False,
DiscoTope,RESP,Haemophilus influenzae,bacteria,linear,1309981,P43724,10,29,20,4.0,0.2,False,False,False,0.9,5,0.25,False,
DiscoTope,RESP,Mycobacterium tuberculosis,bacteria,linear,1334921,P9WJC3,62,76,15,0.0,0.0,False,False,False,0.9,5,0.25,False,
DiscoTope,RESP,Mycobacterium tuberculosis,bacteria,linear,1377313,P9WQP1,176,183,8,0.0,0.0,False,False,False,0.9,5,0.25,False,
DiscoTope,RESP,Mycobacterium tuberculosis,bacteria,linear,1378611,P9WQP1,80,91,12,3.0,0.25,False,True,True,0.9,5,0.25,False,
DiscoTope,RESP,Mycobacterium tuberculosis,bacteria,linear,1380065,P9WQP1,138,149,12,0.0,0.0,False,False,False,0.9,5,0.25,False,
DiscoTope,RESP,Mycobacterium tuberculosis,bacteria,linear,1380202,P9WQP1,305,322,18,1.0,0.056,False,False,False,0.9,5,0.25,False,
DiscoTope,RESP,Mycobacterium tuberculosis,bacteria,linear,1383366,P9WQP1,279,294,16,3.0,0.188,False,False,False,0.9,5,0.25,False,
DiscoTope,RESP,Mycobacterium tuberculosis,bacteria,linear,1384228,P9WQP1,79,88,10,3.0,0.3,False,True,True,0.9,5,0.25,False,
DiscoTope,RESP,Mycobacterium tuberculosis,bacteria,linear,1384229,P9WQP1,79,91,13,3.0,0.231,False,False,False,0.9,5,0.25,False,
DiscoTope,RESP,Mycobacterium tuberculosis,bacteria,linear,1384337,P9WQP1,269,278,10,4.0,0.4,False,True,True,0.9,5,0.25,False,
DiscoTope,RESP,Mycobacterium tuberculosis,bacteria,linear,1384633,P9WQP1,78,91,14,3.0,0.214,False,False,False,0.9,5,0.25,False,
DiscoTope,RESP,Mycobacterium tuberculosis,bacteria,linear,1385684,P9WQP1,285,294,10,2.0,0.2,False,False,False,0.9,5,0.25,False,
DiscoTope,RESP,Mycobacterium tuberculosis,bacteria,linear,1385706,P9WQP1,312,325,14,0.0,0.0,False,False,False,0.9,5,0.25,False,
DiscoTope,RESP,Mycobacterium tuberculosis,bacteria,linear,1385879,P9WQP1,295,304,10,2.0,0.2,False,False,False,0.9,5,0.25,False,
DiscoTope,RESP,Mycobacterium tuberculosis,bacteria,linear,1385880,P9WQP1,295,306,12,2.0,0.167,False,False,False,0.9,5,0.25,False,
DiscoTope,RESP,Mycobacterium tuberculosis,bacteria,linear,1387397,P9WQP1,67,77,11,0.0,0.0,False,False,False,0.9,5,0.25,False,
DiscoTope,RESP,Mycobacterium tuberculosis,bacteria,linear,1388615,P9WQP1,107,119,13,1.0,0.077,False,False,False,0.9,5,0.25,False,
DiscoTope,RESP,Mycobacterium tuberculosis,bacteria,linear,1388770,P9WQP1,166,183,18,0.0,0.0,False,False,False,0.9,5,0.25,False,
DiscoTope,RESP,Mycobacterium tuberculosis,bacteria,linear,1389008,P9WQP1,42,50,9,3.0,0.333,False,True,True,0.9,5,0.25,False,
DiscoTope,RESP,Mycobacterium tuberculosis,bacteria,linear,1390855,P9WQP1,273,284,12,2.0,0.167,False,False,False,0.9,5,0.25,False,
DiscoTope,RESP,Mycobacterium tuberculosis,bacteria,linear,1391093,P9WQP1,307,322,16,1.0,0.062,False,False,False,0.9,5,0.25,False,
DiscoTope,RESP,Bordetella pertussis,bacteria,linear,2116317,P04979,131,155,25,5.0,0.2,True,False,True,0.9,5,0.25,False,
DiscoTope,RESP,Mycobacterium tuberculosis,bacteria,linear,2185867,P9WG25,522,536,15,0.0,0.0,False,False,False,0.9,5,0.25,False,
DiscoTope,RESP,Mycobacterium tuberculosis,bacteria,linear,2185930,P9WG25,516,535,20,0.0,0.0,False,False,False,0.9,5,0.25,False,
DiscoTope,RESP,Mycobacterium tuberculosis,bacteria,linear,2222661,P9WPL7,33,47,15,1.0,0.067,False,False,False,0.9,5,0.25,False,
DiscoTope,RESP,Mycobacterium tuberculosis,bacteria,linear,2222779,O53972,41,55,15,1.0,0.067,False,False,False,0.9,5,0.25,False,
DiscoTope,RESP,Mycobacterium tuberculosis,bacteria,linear,2222794,I6YE30,15,27,13,8.0,0.615,True,True,True,0.9,5,0.25,False,
DiscoTope,RESP,Mycobacterium tuberculosis,bacteria,linear,2222888,P9WPL7,205,224,20,5.0,0.25,True,True,True,0.9,5,0.25,False,
DiscoTope,RESP,Mycobacterium tuberculosis,bacteria,linear,2222918,O53966,127,136,10,4.0,0.4,False,True,True,0.9,5,0.25,False,
DiscoTope,RESP,Mycobacterium tuberculosis,bacteria,linear,2222945,O53972,345,358,14,11.0,0.786,True,True,True,0.9,5,0.25,False,
DiscoTope,RESP,Mycobacterium tuberculosis,bacteria,linear,2222951,O53966,68,82,15,1.0,0.067,False,False,False,0.9,5,0.25,False,
DiscoTope,RESP,Mycobacterium tuberculosis,bacteria,linear,2222969,P9WIB5,398,412,15,0.0,0.0,False,False,False,0.9,5,0.25,False,
DiscoTope,RESP,Mycobacterium tuberculosis,bacteria,linear,2222970,P71540,224,243,20,10.0,0.5,True,True,True,0.9,5,0.25,False,
DiscoTope,RESP,Mycobacterium tuberculosis,bacteria,linear,2223021,P9WIB5,320,343,24,0.0,0.0,False,False,False,0.9,5,0.25,False,
DiscoTope,RESP,Haemophilus influenzae,bacteria,linear,2244198,P44970,275,294,20,14.0,0.7,True,True,True,0.9,5,0.25,False,
DiscoTope,RESP,Haemophilus influenzae,bacteria,linear,2247670,P44970,540,559,20,7.0,0.35,True,True,True,0.9,5,0.25,False,
DiscoTope,RESP,Mycobacterium tuberculosis,bacteria,linear,2249071,P9WPD5,209,215,7,5.0,0.714,True,True,True,0.9,5,0.25,False,
DiscoTope,RESP,Mycobacterium tuberculosis,bacteria,linear,2249078,P96825,253,263,11,4.0,0.364,False,True,True,0.9,5,0.25,False,
DiscoTope,RESP,Mycobacterium tuberculosis,bacteria,linear,2249106,P9WL75,22,27,6,0.0,0.0,False,False,False,0.9,5,0.25,False,
DiscoTope,RESP,Mycobacterium tuberculosis,bacteria,linear,2249107,Q6MX34,467,477,11,1.0,0.091,False,False,False,0.9,5,0.25,False,
DiscoTope,RESP,Mycobacterium tuberculosis,bacteria,linear,2249115,P9WFK1,14,26,13,1.0,0.077,False,False,False,0.9,5,0.25,False,
DiscoTope,RESP,Mycobacterium tuberculosis,bacteria,linear,2279000,P9WI27,27,39,13,0.0,0.0,False,False,False,0.9,5,0.25,False,
DiscoTope,RESP,Mycobacterium tuberculosis,bacteria,linear,2446731,P9WJE1,253,276,24,5.0,0.208,True,False,True,0.9,5,0.25,False,
DiscoTope,RESP,Mycobacterium tuberculosis,bacteria,linear,2446899,P9WJE1,241,264,24,1.0,0.042,False,False,False,0.9,5,0.25,False,
DiscoTope,RESP,Mycobacterium tuberculosis,bacteria,linear,2447038,P9WJE1,281,320,40,17.0,0.425,True,True,True,0.9,5,0.25,False,
DiscoTope,RESP,Mycobacterium tuberculosis,bacteria,linear,2447105,P9WJE1,341,380,40,7.0,0.175,True,False,True,0.9,5,0.25,False,
DiscoTope,RESP,Mycobacterium tuberculosis,bacteria,linear,2447587,P9WJE1,181,220,40,11.0,0.275,True,True,True,0.9,5,0.25,False,
DiscoTope,RESP,Mycobacterium tuberculosis,bacteria,linear,2448148,P9WJE1,353,392,40,6.0,0.15,True,False,True,0.9,5,0.25,False,
DiscoTope,RESP,Mycobacterium tuberculosis,bacteria,linear,2449032,P9WJE1,229,252,24,4.0,0.167,False,False,False,0.9,5,0.25,False,
DiscoTope,RESP,Mycobacterium tuberculosis,bacteria,linear,2451610,P9WJE1,261,300,40,16.0,0.4,True,True,True,0.9,5,0.25,False,
DiscoTope,RESP,Mycobacterium tuberculosis,bacteria,linear,2451656,P9WJE1,301,340,40,6.0,0.15,True,False,True,0.9,5,0.25,False,
DiscoTope,RESP,Mycobacterium tuberculosis,bacteria,linear,2451854,P9WJE1,201,240,40,6.0,0.15,True,False,True,0.9,5,0.25,False,
DiscoTope,RESP,Mycobacterium tuberculosis,bacteria,linear,2452076,P9WJE1,321,360,40,1.0,0.025,False,False,False,0.9,5,0.25,False,
